Date,home_team,away_team,home_score,away_score,elo_home,elo_away,elo_diff,home_form_wins,home_form_draws,home_form_losses,home_form_gf,home_form_ga,home_form_gd,away_form_wins,away_form_draws,away_form_losses,away_form_gf,away_form_ga,away_form_gd,outcome
1930-07-13,France,Mexico,4,1,1500.0,1500.0,0.0,0,0,0,0,0,0,0,0,0,0,0,0,1
1930-07-13,USA,Belgium,3,0,1500.0,1500.0,0.0,0,0,0,0,0,0,0,0,0,0,0,0,1
1930-07-14,Yugoslavia,Brazil,2,1,1500.0,1500.0,0.0,0,0,0,0,0,0,0,0,0,0,0,0,1
1930-07-14,Romania,Peru,3,1,1500.0,1500.0,0.0,0,0,0,0,0,0,0,0,0,0,0,0,1
1930-07-15,Argentina,France,1,0,1500.0,1528.0,-28.0,0,0,0,0,0,0,1,0,0,4,1,3,1
1930-07-16,Chile,Mexico,3,0,1500.0,1472.0,28.0,0,0,0,0,0,0,0,0,1,1,4,-3,1
1930-07-17,Yugoslavia,Bolivia,4,0,1516.0,1500.0,16.0,1,0,0,2,1,1,0,0,0,0,0,0,1
1930-07-17,USA,Paraguay,3,0,1528.0,1500.0,28.0,1,0,0,3,0,3,0,0,0,0,0,0,1
1930-07-18,Uruguay,Peru,1,0,1500.0,1476.0,24.0,0,0,0,0,0,0,0,0,1,1,3,-2,1
1930-07-19,Argentina,Mexico,6,3,1517.28666330636,1446.2516607861298,71.03500252023014,1,0,0,1,0,1,0,0,2,1,7,-6,1
1930-07-19,Chile,France,1,0,1525.7483392138702,1510.71333669364,15.035002520230137,1,0,0,3,0,3,1,0,1,4,2,2,1
1930-07-20,Paraguay,Belgium,1,0,1474.2516607861298,1472.0,2.2516607861298326,0,0,1,0,3,-3,0,0,1,0,3,-3,1
1930-07-20,Brazil,Bolivia,4,0,1484.0,1471.7621675680157,12.237832431984316,0,0,1,1,2,-1,0,0,1,0,4,-4,1
1930-07-21,Uruguay,Romania,4,0,1514.8965137687414,1524.0,-9.103486231258557,1,0,0,1,0,1,1,0,0,3,1,2,1
1930-07-22,Argentina,Chile,3,1,1539.6403753195273,1541.0563836384235,-1.4160083188962744,2,0,0,7,3,4,2,0,0,4,0,4,1
1930-07-26,Argentina,USA,6,1,1563.7381891673479,1553.7483392138702,9.989849953477687,3,0,0,10,4,6,2,0,0,6,0,6,1
1930-07-27,Uruguay,Yugoslavia,6,1,1545.2719137412837,1544.2378324319843,1.0340813092993812,2,0,0,5,0,5,2,0,0,6,1,5,1
1930-07-30,Uruguay,Argentina,4,2,1576.3790526673854,1594.0413396039667,-17.662286936581268,3,0,0,11,1,10,4,0,0,16,5,11,1
1934-05-27,Czechoslovakia,Romania,2,1,1500.0,1493.6246000274577,6.3753999725422545,0,0,0,0,0,0,1,0,1,3,5,-2,1
1934-05-27,Hungary,Egypt,4,2,1500.0,1500.0,0.0,0,0,0,0,0,0,0,0,0,0,0,0,1
1934-05-27,Austria,France,3,2,1500.0,1495.4052922690867,4.594707730913342,0,0,0,0,0,0,1,0,2,4,3,1,1
1934-05-27,Spain,Brazil,3,1,1500.0,1512.5578208990132,-12.557820899013223,0,0,0,0,0,0,1,0,1,5,2,3,1
1934-05-27,Sweden,Argentina,3,2,1500.0,1568.8223219729377,-68.82232197293774,0,0,0,0,0,0,4,0,1,18,9,9,1
1934-05-27,Italy,USA,7,1,1500.0,1523.4451887772514,-23.44518877725136,0,0,0,0,0,0,2,0,1,7,6,1,1
1934-05-27,Switzerland,Netherlands,3,2,1500.0,1500.0,0.0,0,0,0,0,0,0,0,0,0,0,0,0,1
1934-05-27,Germany,Belgium,5,2,1500.0,1456.1036913595105,43.89630864048945,0,0,0,0,0,0,0,0,2,0,4,-4,1
1934-05-31,Germany,Sweden,2,1,1524.4810794673442,1519.1285717634003,5.352507703943957,1,0,0,5,2,3,1,0,0,3,2,1,1
1934-05-31,Italy,Spain,1,1,1535.0100127118635,1524.8670859786127,10.14292673325076,1,0,0,7,1,6,1,0,0,3,1,2,0
1934-05-31,Czechoslovakia,Switzerland,3,2,1515.7064349300308,1516.0,-0.2935650699691905,1,0,0,2,1,1,1,0,0,3,2,1,1
1934-05-31,Austria,Hungary,2,1,1515.7884182238738,1524.0,-8.211581776126195,1,0,0,3,2,1,1,0,0,4,2,2,1
1934-06-01,Italy,Spain,1,0,1534.5430463271384,1525.3340523633378,9.208993963800594,1,1,0,8,2,6,1,1,0,4,2,2,1
1934-06-03,Czechoslovakia,Germany,3,1,1531.7199540978922,1540.2346068770976,-8.514652779205335,2,0,0,5,3,2,2,0,0,7,3,4,1
1934-06-03,Italy,Austria,1,0,1550.1190557692266,1532.1665051417963,17.952550627430355,2,1,0,9,2,7,2,0,0,5,3,2,1
1934-06-07,Germany,Austria,3,2,1515.6465532238722,1516.9925156451452,-1.3459624212730432,2,0,1,8,6,2,2,0,1,5,4,1,1
1934-06-10,Italy,Czechoslovakia,2,1,1565.2930452658777,1556.3080077511177,8.985037514760052,3,1,0,10,2,8,3,0,0,8,4,4,1
1938-06-04,Switzerland,Germany,1,1,1499.9864808321386,1531.7085367739326,-31.722055941793997,1,0,1,5,5,0,3,0,1,11,8,3,0
1938-06-05,Czechoslovakia,Netherlands,3,0,1540.7216918011716,1484.0,56.72169180117157,3,0,1,9,6,3,0,0,1,2,3,-1,1
1938-06-05,Brazil,Poland,6,5,1487.6907349204005,1500.0,-12.309265079599527,1,0,2,6,5,1,0,0,0,0,0,0,1
1938-06-05,France,Belgium,3,1,1479.6168740452129,1431.6226118921663,47.99426215304652,1,0,3,6,6,0,0,0,3,2,9,-7,1
1938-06-05,Hungary,Dutch East Indies,6,0,1507.6219130820775,1500.0,7.621913082077526,1,0,1,5,4,1,0,0,0,0,0,0,1
1938-06-05,Cuba,Romania,3,3,1500.0,1477.918165097427,22.081834902573064,0,0,0,0,0,0,1,0,2,4,7,-3,0
1938-06-05,Italy,Norway,2,1,1580.8793612158238,1500.0,80.87936121582379,4,1,0,12,3,9,0,0,0,0,0,0,1
1938-06-09,Cuba,Romania,2,1,1498.984460959219,1478.933704138208,20.050756821010964,0,1,0,3,3,0,1,1,2,7,10,-3,1
1938-06-09,Switzerland,Germany,4,2,1501.443289604357,1530.2517280017141,-28.808438397357122,1,1,1,6,6,0,3,1,1,12,9,3,1
1938-06-12,Sweden,Cuba,8,0,1503.375044353647,1514.062113224722,-10.687068871075098,1,0,1,4,4,0,1,1,0,5,4,1,1
1938-06-12,Italy,France,3,1,1593.220582354022,1500.3224761221481,92.89810623187395,4,1,0,7,3,4,2,0,3,9,7,2,1
1938-06-12,Hungary,Switzerland,2,0,1539.702474249493,1527.4287578912845,12.273716358208503,2,0,1,11,4,7,2,1,1,10,8,2,1
1938-06-12,Brazil,Czechoslovakia,1,1,1504.257360468182,1564.1906478269361,-59.933287358754114,2,0,2,12,10,2,4,0,1,12,6,6,0
1938-06-14,Brazil,Czechoslovakia,2,1,1506.9903356894447,1561.4576726056735,-54.46733691622876,2,1,2,13,11,2,3,1,1,11,6,5,1
1938-06-16,Italy,Brazil,2,1,1610.9520864069714,1525.4783005726415,85.47378583432987,5,0,0,9,3,6,3,1,1,14,10,4,1
1938-06-16,Hungary,Sweden,5,1,1562.8549884756428,1540.4820500837413,22.37293839190147,3,0,1,13,4,9,2,0,1,12,4,8,1
1938-06-19,Italy,Hungary,4,2,1623.0934065366048,1590.5515417310698,32.54186480553494,5,0,0,10,4,6,4,0,1,18,5,13,1
1938-06-19,Brazil,Sweden,4,2,1513.336980443008,1512.7854968283143,0.5514836146937796,2,1,2,11,12,-1,2,0,2,13,9,4,1
1950-06-24,Brazil,Mexico,4,0,1537.298885336495,1423.8979487729625,113.40093656353247,3,1,1,14,11,3,0,0,3,4,13,-9,1
1950-06-25,Yugoslavia,Switzerland,3,0,1513.1306935058826,1504.2762436651346,8.854449840747975,2,0,1,7,7,0,2,1,2,10,10,0,1
1950-06-25,Spain,USA,3,1,1509.7580429212496,1488.4351760653879,21.322866855861776,1,1,1,4,3,1,2,0,2,8,13,-5,1
1950-06-25,England,Chile,2,0,1500.0,1516.958569790603,-16.95856979060295,0,0,0,0,0,0,2,0,1,5,3,2,1
1950-06-25,Sweden,Italy,3,2,1488.8235919348274,1644.852044632969,-156.02845269814156,2,0,3,15,13,2,5,0,0,13,6,7,1
1950-06-28,Brazil,Switzerland,2,2,1557.5666851600643,1476.9896735632299,80.57701159683438,3,1,1,12,6,6,1,1,3,7,11,-4,0
1950-06-28,Yugoslavia,Mexico,4,1,1540.4172636077874,1403.6301489493933,136.7871146583941,3,0,1,10,7,3,0,0,4,4,17,-13,1
1950-06-29,Spain,Chile,2,0,1532.2869579635915,1491.7880427300622,40.49891523352926,2,1,1,7,4,3,2,0,2,5,5,0,1
1950-06-29,Sweden,Paraguay,2,2,1511.561950262337,1490.1479694266193,21.413980835717666,2,0,3,15,13,2,1,0,1,1,3,-2,0
1950-06-29,USA,England,1,0,1465.906261023046,1525.1705270605407,-59.264266037494735,2,0,3,9,16,-7,1,0,0,2,0,2,1
1950-07-01,Brazil,Yugoslavia,2,0,1553.9211045418563,1557.9298680049137,-4.0087634630574485,3,1,1,13,7,6,4,0,1,14,8,6,1
1950-07-02,Switzerland,Mexico,2,1,1480.6352541814379,1386.117544552267,94.5177096291709,1,2,2,7,10,-3,0,0,5,5,21,-16,1
1950-07-02,Spain,England,1,0,1553.5019941232074,1506.4674723021903,47.03452182101705,3,1,1,9,4,5,1,0,1,2,1,1,1
1950-07-02,Uruguay,Bolivia,8,0,1601.5980702984143,1443.2043466690025,158.39372362941185,4,0,0,15,3,12,0,0,2,0,8,-8,1
1950-07-02,Italy,Paraguay,2,0,1622.1136863054594,1491.1328728536432,130.98081345181618,4,0,1,13,8,5,1,1,1,3,5,-2,1
1950-07-02,Chile,USA,5,2,1470.5730065704463,1484.6093157813964,-14.036309210950094,2,0,3,5,7,-2,2,0,3,7,16,-9,1
1950-07-09,Uruguay,Spain,2,2,1622.23573162144,1567.349110078066,54.886621543374076,5,0,0,23,3,20,3,1,1,7,3,4,0
1950-07-09,Brazil,Sweden,7,1,1578.1980078237657,1510.577046835313,67.62096098845268,3,1,1,13,6,7,2,1,2,16,13,3,1
1950-07-13,Uruguay,Sweden,3,2,1619.7289283895666,1484.0814662732341,135.64746211633246,4,1,0,24,5,19,1,1,3,9,20,-11,1
1950-07-13,Brazil,Spain,6,1,1604.6935883858446,1569.8559133099393,34.83767507590528,4,1,0,19,5,14,3,1,1,8,4,4,1
1950-07-16,Uruguay,Brazil,2,1,1629.7813064768686,1632.775579395932,-2.9942729190634054,4,1,0,23,7,16,4,1,0,21,4,17,1
1950-07-16,Sweden,Spain,3,1,1474.029088185932,1541.7739222998518,-67.74483411391975,1,1,3,10,18,-8,3,1,1,9,9,0,1
1954-06-16,Uruguay,Czechoslovakia,2,0,1645.9191944268323,1542.9697077224766,102.94948670435565,4,1,0,19,7,12,2,1,2,9,6,3,1
1954-06-16,Austria,Scotland,1,0,1500.9305320950848,1500.0,0.9305320950848,2,0,2,7,7,0,0,0,0,0,0,0,1
1954-06-16,Brazil,Mexico,5,0,1616.6376914459684,1374.3659541929103,242.27173725305806,3,1,1,18,6,12,0,0,5,5,19,-14,1
1954-06-16,Yugoslavia,France,1,0,1533.6529647230043,1482.5909720691989,51.06199265380542,3,0,2,12,9,3,1,0,4,6,9,-3,1
1954-06-17,England,Belgium,4,4,1492.6203563473318,1410.917009815231,81.7033465321008,1,0,2,2,2,0,0,0,4,3,12,-9,0
1954-06-17,Germany,Turkey,4,1,1504.2662597147867,1500.0,4.266259714786656,2,1,2,9,11,-2,0,0,0,0,0,0,1
1954-06-17,Hungary,South Korea,9,0,1568.7929036347057,1500.0,68.79290363470568,3,0,2,16,7,9,0,0,0,0,0,0,1
1954-06-17,Switzerland,Italy,2,1,1492.3868445407945,1637.4714473512654,-145.08460281047087,2,1,2,8,10,-2,4,0,1,13,7,6,1
1954-06-19,France,Mexico,3,2,1468.9256782667937,1361.9689515192438,106.95672674754996,1,0,4,6,9,-3,0,0,5,5,21,-16,1
1954-06-19,Austria,Czechoslovakia,5,0,1516.8876796109344,1525.8801327925926,-8.99245318165822,3,0,2,8,7,1,1,1,3,6,7,-1,1
1954-06-19,Brazil,Yugoslavia,1,1,1629.0346941196349,1547.3182585254094,81.71643559422546,4,0,1,21,4,17,3,0,2,9,9,0,0
1954-06-19,Uruguay,Scotland,7,0,1663.0087693567164,1484.0428524841504,178.9659168725659,4,1,0,17,5,12,0,0,1,0,1,-1,1
1954-06-20,Turkey,South Korea,7,0,1472.343802631338,1469.7490816228,2.5947210085378174,0,0,1,1,4,-3,0,0,1,0,9,-9,1
1954-06-20,Hungary,Germany,8,3,1599.0438220119056,1531.9224570834488,67.12136492845684,4,0,1,24,5,19,2,1,2,11,11,0,1
1954-06-20,Switzerland,England,0,2,1514.7051759066833,1488.9256353743185,25.779540532364763,2,1,2,6,9,-3,1,1,2,6,6,0,-1
1954-06-20,Italy,Belgium,4,1,1615.1531159853766,1414.6117307882444,200.54138519713229,3,0,2,11,8,3,0,1,4,7,16,-9,1
1954-06-23,Switzerland,Italy,4,1,1488.9276492330973,1628.5754581224342,-139.64780888933683,2,1,2,6,9,-3,3,0,2,13,8,5,1
1954-06-23,Germany,Turkey,7,2,1506.6761252707172,1506.4869010731393,0.1892241975779143,2,1,2,13,16,-3,1,0,1,8,4,4,1
1954-06-26,Switzerland,Austria,5,7,1527.6126331738722,1548.895028995958,-21.282395822085846,3,1,1,10,7,3,3,0,2,10,5,5,-1
1954-06-26,Uruguay,England,4,2,1681.1061464027814,1514.7031620479045,166.40298435487693,4,1,0,16,5,11,2,1,2,8,6,2,1
1954-06-27,Hungary,Brazil,4,2,1624.2901538246372,1625.339402520343,-1.049248695705728,4,0,1,26,8,18,3,1,1,20,5,15,1
1954-06-27,Germany,Yugoslavia,2,0,1537.8591327845509,1551.0135501247014,-13.15441734015053,2,1,2,17,16,1,3,1,1,9,4,5,1
1954-06-30,Germany,Austria,6,1,1562.7673737994805,1571.4267291946398,-8.65935539515931,3,0,2,18,15,3,3,0,2,15,9,6,1
1954-06-30,Hungary,Uruguay,4,2,1648.3626331364605,1694.4165624446623,-46.05392930820176,4,0,1,28,10,18,5,0,0,18,5,13,1
1954-07-03,Austria,Uruguay,3,1,1539.449272966673,1667.253772014257,-127.80449904758393,3,0,2,16,14,2,4,0,1,17,7,10,1
1954-07-04,Germany,Hungary,3,2,1594.7448300274473,1675.5254235668658,-80.78059353941853,4,0,1,22,12,10,4,0,1,27,11,16,1
1958-06-08,Sweden,Mexico,3,0,1502.6503181825506,1350.7445746229214,151.90574355962917,2,1,2,11,15,-4,0,0,5,4,18,-14,1
1958-06-08,Northern Ireland,Czechoslovakia,1,0,1500.0,1493.872783407569,6.127216592431068,0,0,0,0,0,0,1,1,3,5,10,-5,1
1958-06-08,Hungary,Wales,1,1,1655.8709555603973,1500.0,155.8709555603973,4,0,1,27,10,17,0,0,0,0,0,0,0
1958-06-08,Brazil,Austria,3,0,1601.2669232085195,1571.8999250602203,29.366998148299217,2,1,2,15,8,7,4,0,1,17,12,5,1
1958-06-08,Soviet Union,England,2,2,1500.0,1501.3927460060236,-1.3927460060235717,0,0,0,0,0,0,1,1,3,8,10,-2,0
1958-06-08,France,Paraguay,7,3,1480.1500551631161,1475.7751118078372,4.374943355278901,2,0,3,9,10,-1,1,1,2,3,7,-4,1
1958-06-08,Argentina,West Germany,1,3,1549.6937502095375,1500.0,49.693750209537484,3,0,2,19,12,7,0,0,0,0,0,0,-1
1958-06-08,Yugoslavia,Scotland,1,1,1526.1053091097717,1465.9454754380854,60.15983367168633,2,1,2,6,6,0,0,0,2,0,8,-8,0
1958-06-11,Mexico,Wales,1,1,1334.2620205597423,1506.7323906086506,-172.4703700489083,0,0,5,4,17,-13,0,1,0,1,1,0,0
1958-06-11,Brazil,England,0,0,1626.9058430018358,1501.3286080257367,125.57723497609913,2,1,2,12,7,5,1,2,2,10,11,-1,0
1958-06-11,Paraguay,Scotland,3,2,1446.547818245193,1468.6885779806044,-22.140759735411393,1,1,3,6,14,-8,0,1,2,1,9,-8,1
1958-06-11,Yugoslavia,France,3,2,1523.3622065672528,1509.3773487257604,13.984857841492385,1,2,2,3,6,-3,3,0,2,14,10,4,1
1958-06-11,Argentina,Northern Ireland,3,1,1522.2842460135753,1515.717860497287,6.566385516288392,2,0,3,14,12,2,1,0,0,1,0,1,1
1958-06-11,West Germany,Czechoslovakia,2,2,1527.4095041959622,1478.154922910282,49.25458128568016,1,0,0,3,1,2,0,1,4,2,11,-9,0
1958-06-11,Soviet Union,Austria,2,0,1500.064137980287,1546.261005266904,-46.196867286617135,0,1,0,2,2,0,3,0,2,16,15,1,1
1958-06-12,Sweden,Hungary,2,1,1519.1328722457297,1649.1385649517467,-130.00569270601704,2,1,2,11,13,-2,3,1,1,19,11,8,1
1958-06-15,Sweden,Wales,0,0,1540.8552423059973,1499.3837692091233,41.47147309687398,3,0,2,11,12,-1,0,2,0,2,2,0,0
1958-06-15,Czechoslovakia,Argentina,6,1,1480.4081058491267,1545.830710170244,-65.4226043211172,0,1,4,3,12,-9,2,0,3,14,12,2,1
1958-06-15,Paraguay,Yugoslavia,3,3,1463.566059913747,1538.7185276544753,-75.1524677407283,2,1,2,9,13,-4,2,2,1,6,6,0,0
1958-06-15,Brazil,Soviet Union,2,0,1621.3621295538176,1527.2366302140597,94.12549933975788,2,2,1,11,5,6,1,1,0,4,2,2,1
1958-06-15,England,Austria,2,2,1506.872321473755,1519.0885130331312,-12.216191559376284,1,3,1,10,10,0,2,0,3,11,17,-6,0
1958-06-15,France,Scotland,2,1,1494.0210276385378,1451.6703363120503,42.35069132648755,2,0,3,13,12,1,0,1,3,3,12,-9,1
1958-06-15,West Germany,Northern Ireland,2,2,1525.1563212571175,1492.1713963406182,32.98492491649927,1,1,0,5,3,2,1,0,1,2,3,-1,0
1958-06-15,Hungary,Mexico,4,0,1627.416194891479,1341.6106419592695,285.8055529322096,2,1,2,12,10,2,0,1,4,4,14,-10,1
1958-06-17,Northern Ireland,Czechoslovakia,2,1,1493.685860907565,1517.4146426927841,-23.7287817852191,1,1,1,4,5,-1,1,1,3,8,11,-3,1
1958-06-17,Soviet Union,England,1,0,1509.5840543636386,1507.4346661625877,2.149388201050897,1,1,1,4,4,0,1,3,1,8,8,0,1
1958-06-17,Wales,Hungary,2,1,1501.2845821671717,1636.9920793449223,-135.7074971777506,0,3,0,2,2,0,2,1,2,12,8,4,1
1958-06-19,Sweden,Soviet Union,2,0,1538.954429347949,1525.4850726417621,13.469356706186772,3,1,1,10,5,5,2,1,1,5,4,1,1
1958-06-19,Brazil,Wales,1,0,1639.0147054042386,1523.234586613634,115.78011879060455,2,2,1,8,5,3,1,3,0,4,3,1,1
1958-06-19,West Germany,Yugoslavia,1,0,1523.6418566901707,1535.3106138060007,-11.668757115829976,1,2,0,7,5,2,1,3,1,8,9,-1,1
1958-06-19,France,Northern Ireland,4,0,1508.080308720945,1510.7769158215451,-2.696607100600204,3,0,2,14,10,4,2,1,1,6,6,0,1
1958-06-24,Brazil,France,5,2,1649.8718123545875,1537.9100432983998,111.96176905618768,3,1,1,8,4,4,4,0,1,18,9,9,1
1958-06-24,Sweden,West Germany,3,1,1562.0244649996184,1540.1790208593538,21.84544414026459,4,1,0,10,2,8,2,2,0,8,5,3,1
1958-06-28,France,West Germany,6,3,1518.6332097160123,1517.6860652093712,0.9471445066410524,3,0,2,17,12,5,2,2,1,9,8,1,1
1958-06-29,Brazil,Sweden,5,2,1669.148645936975,1584.517420649601,84.63122528737404,4,1,0,11,2,9,4,1,0,10,2,8,1
1962-05-30,Uruguay,Colombia,2,1,1634.8031199207098,1500.0,134.80311992070983,3,0,2,16,9,7,0,0,0,0,0,0,1
1962-05-30,Chile,Switzerland,3,1,1499.703584422708,1505.0809329751903,-5.377348552482317,2,0,3,7,9,-2,3,0,2,13,12,1,1
1962-05-30,Argentina,Bulgaria,1,0,1508.8241733265866,1500.0,8.82417332658656,1,0,4,9,17,-8,0,0,0,0,0,0,1
1962-05-30,Brazil,Mexico,2,0,1690.4599465001118,1332.0347575058263,358.42518899428546,4,1,0,13,4,9,0,1,4,3,16,-13,1
1962-05-31,Czechoslovakia,Spain,1,0,1500.323587778804,1513.1526923032334,-12.82910452442934,1,1,3,9,11,-2,2,1,2,7,11,-4,1
1962-05-31,Hungary,England,2,1,1615.04207489846,1491.5336478844642,123.50842701399574,1,1,3,9,8,1,0,3,2,6,9,-3,1
1962-05-31,West Germany,Italy,0,0,1489.762395849051,1589.8904741816593,-100.12807833260831,1,2,2,9,13,-4,2,0,3,10,10,0,0
1962-05-31,Soviet Union,Yugoslavia,2,0,1502.4150369900926,1518.7734496368175,-16.3584126467249,2,1,2,5,6,-1,1,2,2,7,9,-2,1
1962-06-02,Yugoslavia,Uruguay,3,1,1493.644284791761,1644.8890387101087,-151.24475391834767,1,2,2,7,9,-2,3,0,2,16,10,6,1
1962-06-02,England,Argentina,3,1,1480.9933542839353,1524.4178924820108,-43.424538198075425,0,3,2,5,7,-2,2,0,3,8,13,-5,1
1962-06-02,Brazil,Czechoslovakia,0,0,1695.8704704609065,1516.9141215091347,178.95634895177182,5,0,0,15,4,11,2,1,2,10,6,4,0
1962-06-02,Chile,Italy,2,0,1524.0750088440184,1585.4029593746052,-61.327950530586804,2,0,3,9,10,-1,2,1,2,8,7,1,1
1962-06-03,West Germany,Switzerland,2,1,1494.2499106561052,1480.70950855388,13.540402102225244,1,2,2,7,11,-4,2,0,3,12,14,-2,1
1962-06-03,Hungary,Bulgaria,6,1,1625.582368498989,1484.4062808445758,141.1760876544131,2,1,2,9,6,3,0,0,1,0,1,-1,1
1962-06-03,Soviet Union,Colombia,4,4,1527.5442018351491,1489.9140812106011,37.630120624548,3,0,2,5,4,1,0,0,1,1,2,-1,0
1962-06-03,Spain,Mexico,1,0,1496.5621585729027,1326.6242335450315,169.9379250278712,1,1,3,5,12,-7,0,1,4,3,13,-10,1
1962-06-06,West Germany,Chile,2,0,1509.6266676007956,1552.2679361574467,-42.641268556651085,2,1,2,7,10,-3,3,0,2,10,7,3,1
1962-06-06,Hungary,Argentina,0,0,1644.7591855781811,1497.4337543655115,147.32543121266963,3,0,2,14,6,8,2,0,3,7,13,-6,0
1962-06-06,Brazil,Spain,2,1,1688.288196796613,1505.3058667688103,182.98233002780262,4,1,0,13,4,9,1,1,3,5,12,-7,1
1962-06-06,Soviet Union,Uruguay,2,1,1525.818015238569,1611.0549058796305,-85.23689064106156,2,1,2,7,8,-1,2,0,3,10,13,-3,1
1962-06-07,Yugoslavia,Colombia,5,0,1527.4784176222392,1491.6402678071813,35.83814981505793,2,1,2,9,9,0,0,1,1,5,6,-1,1
1962-06-07,Italy,Switzerland,3,0,1557.210032061177,1465.3327516091895,91.87728045198742,1,1,3,6,9,-3,1,0,4,11,15,-4,1
1962-06-07,Mexico,Czechoslovakia,3,1,1317.880525349124,1524.4963951734283,-206.61586982430435,0,1,4,1,11,-10,2,2,1,10,5,5,1
1962-06-07,England,Bulgaria,0,0,1507.9774924004346,1465.2294637653836,42.748028635051014,1,2,2,6,6,0,0,0,2,1,7,-6,0
1962-06-10,Yugoslavia,West Germany,1,0,1555.4714883048614,1536.5575210165907,18.91396728827067,2,1,2,11,7,4,2,1,2,8,10,-2,1
1962-06-10,Czechoslovakia,Hungary,1,0,1487.6981771108938,1638.3539750673374,-150.65579795644362,2,1,2,9,6,3,3,1,1,13,4,9,1
1962-06-10,Brazil,England,3,1,1696.5629480789146,1506.0187471414536,190.54420093746103,4,1,0,14,5,9,1,2,2,6,6,0,1
1962-06-10,Chile,Soviet Union,2,1,1525.3370827416516,1545.6664185053119,-20.32933576366031,3,0,2,10,7,3,3,1,1,9,7,2,1
1962-06-13,Czechoslovakia,Yugoslavia,3,1,1510.231681418998,1570.6013273497615,-60.369645930763454,2,1,2,4,5,-1,3,0,2,9,4,5,1
1962-06-13,Brazil,Chile,4,2,1708.5787202556246,1542.2722162840814,166.30650397154318,4,1,0,12,4,8,4,0,1,12,6,6,1
1962-06-16,Chile,Yugoslavia,1,0,1528.9564570855196,1542.4726076788502,-13.516150593330622,3,0,2,9,8,1,3,0,2,10,6,4,1
1962-06-17,Brazil,Czechoslovakia,3,1,1721.8944794541865,1538.3604010899094,183.5340783642771,4,1,0,11,4,7,3,1,1,6,4,2,1
1966-07-11,England,Uruguay,0,0,1494.0029749647435,1591.2065026128876,-97.20352764814402,1,1,3,5,7,-2,1,0,4,7,13,-6,0
1966-07-12,Soviet Union,North Korea,3,0,1528.731284962882,1500.0,28.731284962882,2,1,2,9,9,0,0,0,0,0,0,0,1
1966-07-12,Brazil,Bulgaria,2,0,1734.2774004841742,1467.1882090243646,267.0891914598096,4,1,0,12,5,7,0,1,2,1,7,-6,1
1966-07-12,West Germany,Switzerland,5,0,1521.4276819716906,1444.569281674603,76.85840029708766,2,1,2,7,8,-1,1,0,4,11,16,-5,1
1966-07-13,Portugal,Hungary,3,1,1500.0,1615.820470759233,-115.8204707592331,0,0,0,0,0,0,2,1,2,9,5,4,1
1966-07-13,Italy,Chile,2,0,1577.9735019957634,1545.578585009111,32.39491698665233,2,1,2,8,7,1,3,0,2,7,7,0,1
1966-07-13,France,Mexico,1,1,1546.5568790763325,1354.6787434116584,191.87813566467412,3,0,2,16,12,4,1,1,3,4,9,-5,0
1966-07-13,Argentina,Spain,2,1,1503.8389648763552,1497.0311154865087,6.807849389846524,2,1,2,6,10,-4,1,0,4,4,12,-8,1
1966-07-15,North Korea,Chile,1,1,1474.3102042767512,1523.8098842524278,-49.4996799756766,0,0,1,0,3,-3,2,0,3,5,9,-4,0
1966-07-15,Hungary,Brazil,3,1,1584.1036318523538,1742.7686292927856,-158.66499744043176,2,1,2,9,6,3,5,0,0,14,5,9,1
1966-07-15,Uruguay,France,2,1,1586.8433646339265,1538.5213695062364,48.321995127690116,1,1,3,5,9,-4,3,1,1,15,10,5,1
1966-07-15,Spain,Switzerland,2,1,1481.3445884189462,1420.160803947785,61.18378447116106,1,0,4,4,8,-4,0,0,5,7,20,-13,1
1966-07-16,Soviet Union,Italy,1,0,1554.4210806861308,1599.7422027524467,-45.321122066315866,3,1,1,12,7,5,2,1,2,6,6,0,1
1966-07-16,West Germany,Argentina,0,0,1545.8361596985085,1519.5254919439178,26.310667754590668,3,1,1,9,2,7,2,1,2,5,10,-5,0
1966-07-16,England,Mexico,2,0,1498.3661129437046,1362.7142529817545,135.6518599619501,1,2,2,5,6,-1,1,1,3,4,9,-5,1
1966-07-16,Portugal,Bulgaria,3,0,1531.7168389068793,1458.6969802157532,73.01985869112605,1,0,0,3,1,2,0,1,3,1,9,-8,1
1966-07-19,Portugal,Brazil,3,1,1553.9172732907227,1708.5117487089933,-154.59447541827058,2,0,0,6,1,5,4,0,1,13,7,6,1
1966-07-19,Uruguay,Mexico,0,0,1600.6322929898438,1347.6359476637967,252.99634532604705,2,1,2,6,7,-1,1,1,3,4,7,-3,0
1966-07-19,North Korea,Italy,1,0,1476.574449485595,1581.6668459142866,-105.09239642869147,0,1,1,1,4,-3,2,1,2,5,3,2,1
1966-07-19,Argentina,Switzerland,2,0,1520.7348320964666,1406.9496519027587,113.7851801937079,2,2,1,4,4,0,0,0,5,3,15,-12,1
1966-07-20,Soviet Union,Chile,2,1,1572.496437524291,1521.5456390435838,50.950798480707135,3,1,1,11,7,4,2,1,2,6,8,-2,1
1966-07-20,West Germany,Spain,2,1,1544.6268195459597,1494.5557404639726,50.071079081987136,3,1,1,9,2,7,2,0,3,5,6,-1,1
1966-07-20,Hungary,Bulgaria,3,1,1618.360512436146,1436.4965458319098,181.86396660423634,2,1,2,10,6,4,0,1,4,1,12,-11,1
1966-07-20,England,France,2,0,1513.4444182616623,1524.7324411503191,-11.28802288865677,2,2,1,6,4,2,2,1,2,14,11,3,1
1966-07-23,West Germany,Uruguay,4,0,1558.3367934369307,1590.6810631292556,-32.344269692324815,3,1,1,9,2,7,1,2,2,4,6,-2,1
1966-07-23,Soviet Union,Hungary,2,1,1586.166743209931,1630.8319755487037,-44.66523233877274,4,0,1,9,4,5,2,1,2,7,6,1,1
1966-07-23,England,Argentina,1,0,1538.2238930144758,1537.1442873618355,1.079605652640339,2,2,1,5,3,2,2,2,1,5,4,1,1
1966-07-23,Portugal,North Korea,5,3,1587.943182734162,1497.2717410182897,90.67144171587233,3,0,0,9,2,7,1,1,1,2,4,-2,1
1966-07-25,West Germany,Soviet Union,2,1,1590.6844514797199,1604.2123961570167,-13.527944677296773,3,1,1,11,2,9,4,0,1,9,4,5,1
1966-07-26,England,Portugal,2,1,1554.1741754968525,1605.8182447506956,-51.6440692538431,3,1,1,6,3,3,4,0,0,14,5,9,1
1966-07-28,Portugal,Soviet Union,2,1,1587.4573101273463,1587.5897259176656,-0.13241579031932815,4,0,1,15,7,8,4,0,1,9,4,5,1
1966-07-30,England,West Germany,4,2,1572.5351101202018,1607.307121719071,-34.772011598869085,4,1,0,7,1,6,4,1,0,13,2,11,1
1970-05-31,Mexico,Soviet Union,0,0,1357.587177524385,1571.5836279454636,-213.99645042107863,1,2,2,4,5,-1,3,0,2,7,6,1,0
1970-06-02,Uruguay,Israel,2,0,1558.3334050864664,1500.0,58.33340508646643,1,2,2,3,7,-4,0,0,0,0,0,0,1
1970-06-02,Peru,Bulgaria,3,2,1461.1034862312586,1424.0250827193522,37.078403511906345,0,0,2,1,4,-3,0,1,4,2,14,-12,1
1970-06-02,England,Romania,1,0,1598.9290879177665,1463.856051872705,135.0730360450616,5,0,0,11,3,8,1,1,3,8,12,-4,1
1970-06-03,West Germany,Morocco,2,1,1580.9131439215062,1500.0,80.91314392150616,3,1,1,10,6,4,0,0,0,0,0,0,1
1970-06-03,Italy,Sweden,1,0,1560.969554381592,1563.2061200864644,-2.236565704872419,2,0,3,5,4,1,3,1,1,9,7,2,1
1970-06-03,Brazil,Czechoslovakia,4,1,1674.485839265554,1525.9774800599216,148.50835920563236,3,0,2,11,9,2,2,1,2,6,7,-1,1
1970-06-03,Belgium,El Salvador,3,0,1401.1893886511868,1500.0,-98.81061134881315,0,1,4,8,17,-9,0,0,0,0,0,0,1
1970-06-06,Peru,Morocco,3,0,1475.4024156969053,1487.6602532273112,-12.257837530405823,1,0,2,4,6,-2,0,0,1,1,2,-1,1
1970-06-06,Soviet Union,Belgium,4,1,1562.8110069818208,1436.9446126825617,125.86639429925913,2,1,2,6,6,0,1,1,3,11,16,-5,1
1970-06-06,Uruguay,Italy,0,0,1578.3413174487766,1577.0725506159217,1.268766832854908,2,2,1,4,5,-1,3,0,2,6,2,4,0
1970-06-06,Romania,Czechoslovakia,2,1,1453.780861817885,1509.2665438277822,-55.485682009897346,0,1,4,5,12,-7,2,0,3,7,11,-4,1
1970-06-07,Mexico,El Salvador,4,0,1366.3597984880278,1464.2447759686252,-97.8849774805974,1,3,1,4,4,0,0,0,1,0,3,-3,1
1970-06-07,West Germany,Bulgaria,5,2,1593.252890694195,1409.7261532537054,183.52673744048957,4,0,1,12,7,5,0,1,4,3,11,-8,1
1970-06-07,Sweden,Israel,1,1,1547.1031238521346,1479.9920876376898,67.11103621444477,2,1,2,7,7,0,0,0,1,0,2,-2,0
1970-06-07,Brazil,England,1,0,1691.1967754976934,1609.0042779725866,82.19249752510677,3,0,2,11,8,3,5,0,0,10,3,7,1
1970-06-10,Soviet Union,El Salvador,2,0,1581.0890084558735,1426.5192602137652,154.5697482421083,2,1,2,8,6,2,0,0,2,0,7,-7,1
1970-06-10,Sweden,Uruguay,1,0,1544.0504190164704,1578.2828888365884,-34.23246982011801,2,1,2,8,8,0,2,2,1,4,5,-1,1
1970-06-10,Brazil,Romania,3,2,1703.480736424468,1472.3145683094435,231.16616811502445,3,0,2,9,7,2,1,1,3,7,9,-2,1
1970-06-10,West Germany,Peru,3,1,1607.7000848954376,1504.3898710110172,103.31021388442036,4,0,1,15,8,7,2,0,2,7,6,1,1
1970-06-11,England,Czechoslovakia,1,0,1596.720317045812,1490.7328373362236,105.98747970958834,4,0,1,8,4,4,2,0,3,7,10,-3,1
1970-06-11,Bulgaria,Morocco,1,1,1395.2789590524628,1458.6727979131992,-63.39383886073642,0,0,5,5,16,-11,0,0,2,1,5,-4,0
1970-06-11,Italy,Israel,0,0,1577.13097922811,1483.044792473354,94.086186754756,2,1,2,3,2,1,0,1,1,1,3,-2,0
1970-06-11,Mexico,Belgium,1,0,1404.0853142428878,1418.666611208509,-14.581296965621277,1,3,1,5,3,2,1,1,3,10,15,-5,1
1970-06-14,West Germany,England,3,2,1624.76681438169,1607.9853867019967,16.78142767969325,4,0,1,14,9,5,4,0,1,8,4,4,1
1970-06-14,Uruguay,Soviet Union,1,0,1560.7115070239092,1595.064509064631,-34.353002040721776,1,2,2,2,5,-3,2,1,2,8,5,3,1
1970-06-14,Italy,Mexico,4,1,1572.9010469563577,1420.7564138177613,152.14463313859642,1,2,2,1,2,-1,2,2,1,5,2,3,1
1970-06-14,Brazil,Peru,4,2,1710.170134649521,1487.3231415247649,222.84699312475618,3,0,2,10,9,1,2,0,3,8,9,-1,1
1970-06-17,Brazil,Uruguay,3,1,1720.5896006918601,1578.2883858237105,142.3012148681496,4,0,1,13,8,5,2,1,2,3,5,-2,1
1970-06-17,Italy,West Germany,4,3,1589.3676107652284,1639.994601500602,-50.62699073537351,2,2,1,5,2,3,4,0,1,15,10,5,1
1970-06-20,West Germany,Uruguay,1,0,1621.679504912444,1563.6030847291026,58.07642018334127,4,0,1,16,10,6,2,1,2,4,4,0,1
1970-06-21,Brazil,Italy,4,1,1735.274901786468,1607.6827073533864,127.59219443308166,5,0,0,15,6,9,3,2,0,9,4,5,1
1974-06-13,Brazil,Yugoslavia,0,0,1753.4307993362127,1525.8504797552587,227.58031958095398,5,0,0,15,6,9,3,0,2,10,5,5,0
1974-06-14,Zaire,Scotland,0,2,1500.0,1437.6110552296432,62.38894477035683,0,0,0,0,0,0,0,1,4,4,14,-10,-1
1974-06-14,Germany DR,Australia,2,0,1500.0,1500.0,0.0,0,0,0,0,0,0,0,0,0,0,0,0,1
1974-06-14,West Germany,Chile,1,0,1635.0296217205546,1507.8753333579439,127.15428836261071,4,0,1,15,9,6,1,1,3,5,9,-4,1
1974-06-15,Poland,Argentina,3,2,1483.4333744522185,1521.1940048794588,-37.76063042724036,0,0,1,5,6,-1,2,2,1,4,2,2,1
1974-06-15,Italy,Haiti,3,1,1589.5268098036418,1500.0,89.52680980364175,2,2,1,9,8,1,0,0,0,0,0,0,1
1974-06-15,Sweden,Bulgaria,0,0,1561.6218008291496,1398.166381015493,163.4554198136566,2,1,2,7,8,-1,0,1,4,6,15,-9,0
1974-06-15,Uruguay,Netherlands,0,2,1550.252967920992,1460.5310439742354,89.72192394675653,1,1,3,2,5,-3,0,0,2,2,6,-4,-1
1974-06-18,Australia,West Germany,0,3,1476.0,1645.4221018071187,-169.42210180711868,0,0,1,0,2,-2,4,0,1,11,7,4,-1
1974-06-18,Yugoslavia,Zaire,9,0,1535.0512093239001,1471.7360568898237,63.31515243407648,2,1,2,7,4,3,0,0,1,0,2,-2,1
1974-06-18,Scotland,Brazil,0,0,1465.8749983398195,1744.2300697675712,-278.3550714277517,1,1,3,6,13,-7,4,1,0,14,6,8,0
1974-06-18,Chile,Germany DR,1,1,1497.4828532713798,1524.0,-26.51714672862022,1,1,3,3,6,-3,1,0,0,2,0,2,0
1974-06-19,Netherlands,Sweden,0,0,1490.5946208484559,1554.604633731191,-64.01001288273505,1,0,2,4,6,-2,1,2,2,4,7,-3,0
1974-06-19,Haiti,Poland,0,7,1482.0509573994468,1501.1655010504192,-19.114543650972337,0,0,1,1,3,-2,1,0,1,8,8,0,-1
1974-06-19,Argentina,Italy,1,1,1503.4618782812581,1607.475852404195,-104.01397412293682,2,1,2,6,5,1,3,1,1,12,9,3,0
1974-06-19,Bulgaria,Uruguay,1,1,1405.1835481134517,1520.1893910467716,-115.00584293331985,0,2,3,6,12,-6,1,0,4,2,7,-5,0
1974-06-22,Scotland,Yugoslavia,1,1,1476.5100467047816,1565.8740062823053,-89.3639595775237,1,2,2,6,6,0,2,1,2,11,4,7,0
1974-06-22,Germany DR,West Germany,1,0,1522.7812058874179,1660.756633656014,-137.9754277685961,1,1,0,3,1,2,4,0,1,11,6,5,1
1974-06-22,Zaire,Brazil,0,3,1440.9132599314185,1733.595021402609,-292.6817614711906,0,0,2,0,11,-11,3,2,0,11,4,7,-1
1974-06-22,Australia,Chile,0,0,1460.6654681511047,1498.701647383962,-38.036179232857194,0,0,2,0,5,-5,0,2,3,3,7,-4,0
1974-06-23,Argentina,Haiti,4,1,1508.1137458360965,1449.541603388661,58.57214244743545,1,2,2,5,5,0,0,0,2,1,10,-9,1
1974-06-23,Sweden,Uruguay,3,0,1551.6897688403672,1515.078493611421,36.61127522894617,1,3,1,2,2,0,1,1,3,3,7,-4,1
1974-06-23,Poland,Italy,2,1,1533.6748550612049,1602.8239848493565,-69.14912978815164,2,0,1,15,8,7,3,1,1,13,10,3,1
1974-06-23,Bulgaria,Netherlands,1,4,1410.2944455488023,1493.5094857392796,-83.21504019047734,0,3,2,6,10,-4,1,1,2,4,6,-2,-1
1974-06-26,Netherlands,Argentina,4,0,1514.9285087808312,1531.4376047726366,-16.509095991805452,2,1,2,8,7,1,2,1,2,9,6,3,1
1974-06-26,Sweden,Poland,0,1,1576.7501212712366,1552.8178987874203,23.932222483816304,2,3,0,5,1,4,3,0,1,17,9,8,-1
1974-06-26,Brazil,Germany DR,1,0,1742.3567465448093,1544.8209897651943,197.53575677961499,3,2,0,10,2,8,2,1,0,4,1,3,1
1974-06-26,Yugoslavia,West Germany,0,2,1561.8470583262103,1638.7168497782375,-76.86979145202713,1,2,2,11,5,6,3,0,2,8,5,3,-1
1974-06-30,Argentina,Brazil,1,2,1500.4321592440565,1750.1280065224237,-249.69584727836718,1,1,3,7,10,-3,3,2,0,8,1,7,-1
1974-06-30,Poland,Yugoslavia,2,1,1569.9182785534936,1543.0720558117905,26.84622274170306,4,0,1,18,9,9,1,2,2,10,4,6,1
1974-06-30,West Germany,Sweden,4,2,1657.4918522926573,1559.6497415051633,97.842110787494,4,0,1,7,1,6,2,2,1,4,1,3,1
1974-06-30,Germany DR,Netherlands,0,2,1537.04972978758,1545.9339543094113,-8.884224521831356,2,1,1,4,2,2,3,1,1,10,4,6,-1
1974-07-03,Sweden,Yugoslavia,2,1,1542.2352594425845,1528.30591540817,13.929344034414498,1,2,2,5,5,0,1,2,2,11,5,6,1
1974-07-03,Argentina,Germany DR,1,1,1494.2896392436883,1513.6632965511408,-19.373657307452504,1,1,3,8,11,-3,2,1,2,4,4,0,0
1974-07-03,Netherlands,Brazil,2,0,1569.3203875458505,1756.270526522792,-186.9501389769414,4,1,0,12,1,11,3,2,0,6,1,5,1
1974-07-03,Poland,West Germany,0,1,1584.684418957114,1674.9063343552361,-90.22191539812206,5,0,0,15,4,11,4,0,1,10,3,7,-1
1974-07-06,Brazil,Poland,0,1,1720.4736244460375,1572.7483513975317,147.72527304850587,3,1,1,6,3,3,4,0,1,12,3,9,-1
1974-07-07,Netherlands,West Germany,1,2,1605.1172896226049,1686.8424019148185,-81.72511229221368,4,1,0,12,1,11,4,0,1,10,3,7,-1
1978-06-01,West Germany,Poland,0,0,1699.1467320546396,1595.1690172355127,103.97771481912696,4,0,1,9,4,5,4,0,1,6,3,3,0
1978-06-02,Argentina,Hungary,2,1,1495.1809055617268,1612.786322601618,-117.60541703989111,1,2,2,7,9,-2,2,0,3,8,8,0,1
1978-06-02,Tunisia,Mexico,3,1,1500.0,1404.2898500088907,95.71014999110935,0,0,0,0,0,0,2,2,1,6,4,2,1
1978-06-02,Italy,France,2,1,1583.680941123141,1499.9529663975056,83.72797472563548,2,1,2,10,11,-1,1,1,3,10,13,-3,1
1978-06-03,Austria,Spain,2,1,1518.5261683442984,1480.8457665730016,37.68040177129683,1,1,3,6,14,-8,2,0,3,6,7,-1,1
1978-06-03,Sweden,Brazil,1,1,1557.5941329139152,1698.0529586080565,-140.4588256941413,2,1,2,7,6,1,3,0,2,6,4,2,0
1978-06-03,Netherlands,Iran,3,0,1592.8129594827838,1500.0,92.81295948278375,4,0,1,13,3,10,0,0,0,0,0,0,1
1978-06-03,Peru,Scotland,3,1,1476.9036754824258,1480.5369946608766,-3.633319178450847,2,0,3,9,10,-1,1,2,2,6,6,0,1
1978-06-06,Poland,Tunisia,1,0,1599.819356090992,1517.5508921494886,82.26846394150334,3,1,1,4,2,2,1,0,0,3,1,2,1
1978-06-06,West Germany,Mexico,6,0,1694.4963931991604,1386.738957859402,307.75743533975833,4,1,0,9,3,6,2,1,2,7,7,0,1
1978-06-06,Italy,Hungary,3,1,1595.8980739952908,1591.568183913598,4.329890081692838,2,1,2,8,9,-1,2,0,3,9,9,0,1
1978-06-06,Argentina,France,2,1,1516.3990442497468,1487.735833525356,28.663210724390865,2,1,2,8,9,-1,1,1,3,9,10,-1,1
1978-06-07,Scotland,Iran,1,1,1456.2860230122114,1479.3068509638902,-23.02082795167871,1,2,2,5,6,-1,0,0,1,0,3,-3,0
1978-06-07,Netherlands,Peru,0,0,1613.5061085188936,1501.154647131091,112.3514613878026,4,0,1,12,2,10,3,0,2,12,10,2,0
1978-06-07,Brazil,Spain,0,0,1691.9153721039866,1466.5742417145002,225.34113038948635,2,1,2,4,5,-1,1,0,4,6,9,-3,0
1978-06-07,Austria,Sweden,1,0,1532.7976932027998,1563.7317194179852,-30.93402621518544,2,1,2,7,9,-2,2,1,2,8,7,1,1
1978-06-10,Italy,Argentina,1,0,1619.5989912681553,1531.082041164083,88.5169501040723,3,1,1,10,6,4,2,1,2,6,9,-3,1
1978-06-10,West Germany,Tunisia,0,0,1704.0309717826744,1505.2702407304048,198.76073105226965,4,1,0,13,3,10,1,0,1,3,2,1,0
1978-06-10,Poland,Mexico,3,1,1612.1000075100758,1377.204379275888,234.89562823418783,3,1,1,4,2,2,2,0,3,7,13,-6,1
1978-06-10,France,Hungary,3,1,1473.0528366110198,1567.8672666407335,-94.81443002971378,0,1,4,4,9,-5,2,0,3,9,9,0,1
1978-06-11,Brazil,Austria,1,0,1682.7839178387471,1550.2185053452426,132.56541249350448,1,2,2,3,5,-2,2,1,2,5,8,-3,1
1978-06-11,Peru,Iran,4,1,1506.1555121773654,1478.2482513918887,27.907260785476637,2,1,2,9,8,1,0,1,1,1,4,-3,1
1978-06-11,Spain,Sweden,1,0,1475.7056959797396,1546.3109072755424,-70.60521129580275,1,1,3,5,7,-2,1,1,3,5,8,-3,1
1978-06-11,Scotland,Netherlands,3,2,1457.3446225842129,1608.5052434726192,-151.16062088840636,1,3,1,5,5,0,3,1,1,8,2,6,1
1978-06-14,Argentina,Poland,2,0,1519.0724313817716,1621.9647835636508,-102.89235218187923,2,1,2,6,6,0,3,1,1,5,2,3,1
1978-06-14,Brazil,Peru,3,0,1692.9590185596999,1531.911277115855,161.04774144384487,1,2,2,2,4,-2,2,1,2,10,9,1,1
1978-06-14,West Germany,Italy,0,0,1695.7608159300573,1631.6086010504666,64.1522148795907,3,2,0,9,1,8,3,1,1,8,5,3,0
1978-06-14,Netherlands,Austria,5,1,1585.9523791862168,1540.04340462429,45.908974561926925,2,1,2,8,5,3,2,1,2,5,6,-1,1
1978-06-18,Argentina,Brazil,0,0,1549.9792367745372,1708.8361652267283,-158.85692845219114,3,1,1,7,4,3,2,2,1,5,2,3,0
1978-06-18,Italy,Austria,1,0,1634.5297967685385,1514.332043779131,120.19775298940749,3,1,1,7,4,3,2,1,2,6,9,-3,1
1978-06-18,West Germany,Netherlands,2,2,1692.8396202119854,1611.6637400313757,81.17588018060974,2,3,0,8,1,7,2,1,2,11,6,5,0
1978-06-18,Poland,Peru,1,0,1591.0579781708852,1516.0341304488265,75.02384772205869,3,1,1,5,3,2,2,1,2,9,9,0,1
1978-06-21,Netherlands,Italy,2,1,1615.335457514763,1645.2052353345578,-29.869777819794763,2,2,1,12,6,6,4,1,0,7,2,5,1
1978-06-21,Austria,West Germany,3,2,1503.6566052131118,1689.1679027285982,-185.51129751548638,2,0,3,4,8,-4,1,4,0,8,2,6,1
1978-06-21,Argentina,Peru,6,0,1556.8243798528727,1503.4363893956638,53.38799045720884,3,1,1,6,3,3,2,1,2,7,6,1,1
1978-06-21,Brazil,Poland,3,1,1701.9910221483929,1603.655719224048,98.33530292434489,2,3,0,5,1,4,3,1,1,5,3,2,1
1978-06-24,Brazil,Italy,2,1,1719.3740131288855,1627.8330602440185,91.54095288486701,3,2,0,7,1,6,3,1,1,6,3,3,1
1978-06-25,Argentina,Netherlands,3,1,1584.623532528431,1632.7076326053023,-48.08410007687121,3,1,1,10,2,8,2,2,1,11,7,4,1
1982-06-13,Argentina,Belgium,0,1,1611.9240190890896,1401.9955116336355,209.9285074554541,3,1,1,11,2,9,1,1,3,9,13,-4,-1
1982-06-14,Brazil,Soviet Union,2,1,1731.2533106076846,1577.4876302648297,153.76568034285492,4,1,0,9,2,7,2,1,2,7,4,3,1
1982-06-14,Italy,Poland,0,0,1615.9537627652194,1586.2727282435553,29.68103452166406,2,1,2,4,4,0,3,0,2,6,6,0,0
1982-06-15,Scotland,New Zealand,5,2,1479.8974868706152,1500.0,-20.10251312938476,1,3,1,6,7,-1,0,0,0,0,0,0,1
1982-06-15,Hungary,El Salvador,10,1,1537.4756048820834,1412.5437596050076,124.93184527707581,1,0,4,7,11,-4,0,0,3,0,9,-9,1
1982-06-15,Peru,Cameroon,0,0,1475.6372367201054,1500.0,-24.36276327989458,1,1,3,4,11,-7,0,0,0,0,0,0,0
1982-06-16,Spain,Honduras,1,1,1494.9131537593478,1500.0,-5.086846240652221,2,1,2,5,5,0,0,0,0,0,0,0,0
1982-06-16,West Germany,Algeria,1,2,1665.3536553647614,1500.0,165.35365536476138,1,3,1,10,5,5,0,0,0,0,0,0,-1
1982-06-16,England,France,3,1,1592.7575995830848,1503.4444983696699,89.31310121341494,3,0,2,8,6,2,1,0,4,6,9,-3,1
1982-06-17,Chile,Austria,0,1,1496.956981091579,1527.4708525769486,-30.513871485369464,0,3,2,3,5,-2,2,0,3,5,9,-4,-1
1982-06-17,Yugoslavia,Northern Ireland,0,0,1512.9470419368392,1480.9471812440902,31.999860692749053,1,1,3,12,7,5,2,1,2,6,10,-4,0
1982-06-17,Czechoslovakia,Kuwait,1,1,1479.4677676800388,1500.0,-20.532232319961167,1,0,4,6,11,-5,0,0,0,0,0,0,0
1982-06-18,Brazil,Scotland,4,1,1740.6009091009307,1509.5157525748396,231.08515652609117,4,1,0,10,3,7,2,2,1,11,9,2,1
1982-06-18,Italy,Peru,1,1,1614.5902160971516,1476.7573481519253,137.83286794522633,1,2,2,3,4,-1,1,1,3,4,11,-7,0
1982-06-18,Argentina,Hungary,4,1,1587.283257310582,1562.1093779458151,25.17387936476689,3,1,1,11,2,9,1,0,4,14,11,3,1
1982-06-19,Belgium,El Salvador,1,0,1426.636273412143,1387.9099865412759,38.72628687086717,2,0,3,6,9,-3,0,0,4,1,19,-18,1
1982-06-19,Soviet Union,New Zealand,3,0,1568.1400317715836,1470.3817342957757,97.75829747580792,2,1,2,7,4,3,0,0,1,2,5,-3,1
1982-06-19,Poland,Cameroon,0,0,1587.636274911623,1498.8798885681801,88.75638634344295,2,1,2,5,6,-1,0,1,0,0,0,0,0
1982-06-20,Spain,Yugoslavia,2,1,1495.147394948567,1511.4775467690847,-16.330151820517813,1,2,2,4,5,-1,0,2,3,3,7,-4,1
1982-06-20,England,Czechoslovakia,2,0,1610.7204683997898,1480.4122127179035,130.3082556818863,3,0,2,7,5,2,0,1,4,4,11,-7,1
1982-06-20,West Germany,Chile,4,1,1642.2660550856629,1482.3585949181063,159.90746016755656,0,3,2,5,7,-2,0,2,3,2,5,-3,1
1982-06-21,Algeria,Austria,0,2,1523.0876002790985,1542.0692387504214,-18.981638471322867,1,0,0,2,1,1,2,0,3,5,9,-4,-1
1982-06-21,Honduras,Northern Ireland,1,1,1499.7657588107809,1482.4166764118447,17.34908239893616,0,1,0,1,1,0,1,2,2,5,10,-5,0
1982-06-21,France,Kuwait,4,1,1485.481629552965,1499.0555549621354,-13.573925409170442,1,0,4,6,10,-4,0,1,0,1,1,0,1
1982-06-22,Poland,Peru,5,1,1583.6355458718065,1482.7915015394606,100.8440443323459,1,2,2,2,5,-3,0,2,3,1,11,-10,1
1982-06-22,Soviet Union,Scotland,2,2,1588.4631739055174,1497.8049871169696,90.65818678854771,3,0,2,10,4,6,2,1,2,11,12,-1,0
1982-06-22,Belgium,Hungary,1,1,1440.8602112040858,1536.1346100690007,-95.27439886491493,3,0,2,6,5,1,1,0,4,14,13,1,0
1982-06-23,Argentina,El Salvador,2,0,1613.2580251873965,1373.6860487493332,239.5719764380633,3,1,1,13,3,10,0,0,5,1,20,-19,1
1982-06-23,Italy,Cameroon,1,1,1608.5560627096163,1502.8806176079968,105.67544510161952,1,2,2,4,5,-1,0,2,0,0,0,0,0
1982-06-23,Brazil,New Zealand,4,0,1752.3116745588006,1450.058592161842,302.2530823969587,4,1,0,11,4,7,0,0,2,2,8,-6,1
1982-06-24,Honduras,Yugoslavia,0,1,1498.9674674359521,1494.7260687889593,4.24139864699282,0,2,0,2,2,0,0,1,4,3,8,-5,-1
1982-06-24,Algeria,Chile,3,2,1500.397502395932,1466.406672647614,33.99082974831799,1,0,1,2,3,-1,0,2,3,2,7,-5,1
1982-06-24,France,Czechoslovakia,1,1,1514.5750024496886,1465.013989034226,49.56101341546264,2,0,3,10,9,1,0,1,4,3,10,-7,0
1982-06-25,Northern Ireland,Spain,1,0,1483.2149677866735,1511.8988729286923,-28.68390514201883,1,3,1,5,8,-3,2,2,1,5,4,1,1
1982-06-25,West Germany,Austria,1,0,1658.2179773561552,1564.759336633588,93.45864072256722,1,2,2,9,8,1,3,0,2,7,8,-1,1
1982-06-25,England,Kuwait,1,0,1626.1186920834673,1469.9621820654118,156.15651001805554,3,0,2,8,5,3,0,1,1,2,5,-3,1
1982-06-28,Poland,Belgium,3,0,1604.8774770693929,1445.1409920651902,159.73648500420268,2,2,1,7,4,3,2,1,2,4,6,-2,1
1982-06-28,Austria,France,0,1,1552.9623763757113,1512.3079893660192,40.65438700969207,3,0,2,6,4,2,2,1,2,10,8,2,-1
1982-06-29,Italy,Argentina,2,1,1603.8342471234976,1622.9134962344865,-19.07924911098894,0,3,2,4,6,-2,4,0,1,15,3,12,1
1982-06-29,West Germany,England,0,0,1670.0149376140319,1635.3754832194275,34.6394543946044,2,1,2,10,8,2,4,0,1,9,4,5,0
1982-07-01,Austria,Northern Ireland,2,2,1535.098670850975,1500.5329174238204,34.565753427154505,3,0,2,6,4,2,2,2,1,4,6,-2,0
1982-07-01,Belgium,Soviet Union,0,1,1429.1778395987728,1584.3804525779415,-155.20261297916863,2,1,2,3,5,-2,2,1,2,8,5,3,-1
1982-07-02,West Germany,Spain,2,1,1668.4249963913505,1494.5809232915453,173.8440730998052,2,1,2,8,6,2,2,2,1,4,3,1,1
1982-07-02,Argentina,Brazil,1,3,1606.035746479899,1761.1516875527934,-155.11594107289443,3,0,2,10,5,5,5,0,0,15,4,11,-1
1982-07-04,Poland,Soviet Union,0,0,1620.8406295358102,1593.67341143526,27.167218100550144,2,2,1,9,4,5,2,1,2,7,5,2,0
1982-07-04,France,Northern Ireland,4,1,1530.1716948907556,1502.1194980358732,28.052196854882368,3,1,1,10,6,4,1,3,1,4,7,-3,1
1982-07-05,Spain,England,0,0,1485.979370566864,1636.9654244421088,-150.9860538752448,2,1,2,5,5,0,3,1,1,8,4,4,0
1982-07-05,Italy,Brazil,3,2,1620.711996878085,1775.096061385821,-154.38406450773596,1,3,1,5,5,0,5,0,0,15,4,11,1
1982-07-08,West Germany,France,3,3,1677.026549116032,1555.9158547887216,121.11069432731028,3,1,1,8,4,4,3,1,1,11,6,5,0
1982-07-08,Poland,Italy,0,2,1619.5920765174485,1643.3879356854666,-23.79585916801807,2,3,0,8,1,7,2,3,0,7,5,2,-1
1982-07-10,Poland,France,3,2,1597.233270823113,1561.2777699398505,35.9555008832624,2,2,1,8,3,5,3,2,0,13,6,7,1
1982-07-11,Italy,West Germany,3,1,1665.7467413798022,1671.664633964903,-5.917892585100844,3,2,0,9,5,4,3,2,0,10,5,5,1
1986-05-31,Bulgaria,Italy,1,1,1388.8754225072507,1690.1554953880627,-301.280072880812,0,3,2,5,11,-6,4,1,0,11,5,6,0
1986-06-01,Spain,Brazil,0,1,1492.5255428044245,1752.4201225784395,-259.894579774015,1,2,2,4,5,-1,4,0,1,15,6,9,-1
1986-06-01,Canada,France,0,1,1500.0,1546.9276960119803,-46.92769601198029,0,0,0,0,0,0,2,2,1,11,8,3,-1
1986-06-02,Soviet Union,Hungary,6,0,1594.9219644536217,1531.8538292078963,63.06813524572544,2,2,1,7,4,3,1,1,3,14,12,2,1
1986-06-02,Morocco,Poland,0,0,1455.785375950169,1611.583344750983,-155.79796880081403,0,1,2,2,6,-4,3,1,1,11,5,6,0
1986-06-02,Argentina,South Korea,3,1,1592.0913726468714,1435.6059831809987,156.4853894658727,2,0,3,8,7,1,0,0,2,0,16,-16,1
1986-06-03,Belgium,Mexico,1,2,1419.8848807414543,1367.339603222313,52.54527751914134,2,1,2,3,5,-2,1,0,4,4,16,-12,-1
1986-06-03,Portugal,England,1,0,1603.4634080995484,1630.4192522045482,-26.95584410499987,4,0,1,14,7,7,3,2,0,6,1,5,1
1986-06-03,Algeria,Northern Ireland,1,1,1514.8371419366408,1476.3753381379072,38.46180379873363,2,0,1,5,5,0,1,3,1,5,7,-2,0
1986-06-04,Paraguay,Iraq,1,0,1466.9739737622217,1500.0,-33.0260262377783,1,2,2,11,16,-5,0,0,0,0,0,0,1
1986-06-04,Scotland,Denmark,0,1,1501.8877084445455,1500.0,1.887708444545524,2,2,1,12,11,1,0,0,0,0,0,0,-1
1986-06-04,Uruguay,West Germany,1,1,1490.0181411805515,1647.2558799566425,-157.23773877609096,0,1,4,2,10,-8,2,2,1,7,7,0,0
1986-06-05,South Korea,Bulgaria,1,1,1421.7394719910772,1400.0742247254568,21.665247265620337,0,0,3,1,19,-18,0,4,1,4,7,-3,0
1986-06-05,France,Soviet Union,1,1,1560.7796426085415,1621.83250143719,-61.052858828648596,3,1,1,11,7,4,3,2,0,12,2,10,0
1986-06-05,Italy,Argentina,1,1,1678.9566931698566,1605.957883836793,72.99880933306372,4,1,0,11,5,6,3,0,2,11,7,4,0
1986-06-06,England,Morocco,0,0,1613.1803745015939,1462.515000247738,150.66537425385582,2,2,1,3,1,2,0,2,2,2,6,-4,0
1986-06-06,Hungary,Canada,2,0,1504.943292224328,1486.1480534034388,18.795238820889153,1,1,3,13,15,-2,0,0,1,0,1,-1,1
1986-06-06,Brazil,Algeria,1,0,1758.276502844368,1513.073110559455,245.20339228491298,4,0,1,14,5,9,2,1,1,6,6,0,1
1986-06-07,Mexico,Paraguay,1,1,1385.7411207489058,1484.4903141357497,-98.7491933868439,1,0,4,5,17,-12,2,1,2,10,14,-4,0
1986-06-07,Poland,Portugal,1,0,1604.853720453414,1620.7022858025027,-15.84856534908863,2,2,1,6,4,2,4,0,1,12,7,5,1
1986-06-07,Northern Ireland,Spain,1,2,1478.139369515093,1486.669162538496,-8.529793023403045,1,3,1,6,8,-2,1,1,3,3,5,-2,-1
1986-06-08,Denmark,Uruguay,6,1,1516.0869313310743,1496.802244542399,19.284686788675344,1,0,0,1,0,1,0,2,3,2,8,-6,1
1986-06-08,West Germany,Scotland,2,1,1640.471776594795,1485.8007771134712,154.67099948132386,1,3,1,7,8,-1,2,1,2,11,11,0,1
1986-06-08,Iraq,Belgium,1,2,1482.483659626472,1401.4833632148614,81.00029641161063,0,0,1,0,1,-1,1,1,3,3,7,-4,-1
1986-06-09,Hungary,France,0,3,1527.64622815753,1563.5626440119822,-35.916415854452225,2,1,2,14,12,2,2,2,1,11,8,3,-1
1986-06-09,Soviet Union,Canada,2,0,1619.0495000337494,1463.4451174702367,155.60438256351267,2,3,0,10,3,7,0,0,2,0,3,-3,1
1986-06-10,South Korea,Italy,2,3,1420.7430416782456,1675.6435834581391,-254.9005417798935,0,1,3,2,20,-18,3,2,0,10,5,5,-1
1986-06-10,Argentina,Bulgaria,2,0,1609.2709935485104,1401.0706550382884,208.20033851022208,2,1,2,8,7,1,0,4,1,4,7,-3,1
1986-06-11,Paraguay,Belgium,2,2,1480.0613690988957,1421.1474197015416,58.913949397354145,2,2,1,11,13,-2,1,1,3,4,8,-4,0
1986-06-11,Portugal,Morocco,1,3,1603.9729382026082,1469.0488720212268,134.92406618138148,3,0,2,9,7,2,0,3,2,2,6,-4,-1
1986-06-11,England,Poland,3,0,1606.6465027281051,1621.5830680533086,-14.936565325203446,1,3,1,1,1,0,2,2,1,4,4,0,1
1986-06-11,Iraq,Mexico,0,1,1462.8196031397918,1390.1700657857598,72.64953735403196,0,0,2,1,3,-2,1,1,3,5,14,-9,-1
1986-06-12,Algeria,Spain,0,3,1506.801209292775,1502.2764299550026,4.524779337772316,2,1,2,6,7,-1,1,1,3,3,5,-2,-1
1986-06-12,Northern Ireland,Brazil,0,3,1462.5321020985864,1764.548404111048,-302.01630201246167,1,2,2,6,9,-3,4,0,1,11,4,7,-1
1986-06-13,Denmark,West Germany,2,0,1545.5569269583393,1649.7849281612096,-104.22800120287025,2,0,0,7,1,6,2,2,1,9,9,0,1
1986-06-13,Scotland,Uruguay,0,0,1476.4876255470567,1467.3322489151337,9.15537663192299,1,1,3,9,11,-2,0,2,3,3,13,-10,0
1986-06-15,Mexico,Bulgaria,2,0,1409.4677773979158,1389.947009633719,19.520767764196762,2,1,2,5,11,-6,0,3,2,4,9,-5,1
1986-06-15,Soviet Union,Belgium,3,4,1632.9660729656828,1423.834799560961,209.1312734047217,3,2,0,10,1,9,1,1,3,5,9,-4,-1
1986-06-16,Argentina,Uruguay,1,0,1620.3946389530797,1467.7537720274893,152.64086692559044,2,1,2,8,7,1,0,3,2,3,11,-8,1
1986-06-16,Brazil,Poland,4,0,1772.9202790199333,1592.3800641562589,180.54021486367446,4,0,1,10,4,6,2,1,2,4,7,-3,1
1986-06-17,Morocco,West Germany,0,1,1501.927206111864,1618.7935945294826,-116.86638841761851,1,3,1,4,5,-1,1,2,2,7,10,-3,-1
1986-06-17,Italy,France,0,2,1681.6387664941644,1588.6783898078124,92.96037668635199,3,2,0,10,5,5,2,2,1,10,7,3,-1
1986-06-18,Denmark,Spain,1,5,1576.5482605900663,1530.6410634711494,45.90719711891688,3,0,0,9,1,8,2,1,2,6,4,2,-1
1986-06-18,England,Paraguay,3,0,1635.8495066251548,1477.3739892394763,158.4755173856786,1,3,1,3,1,2,2,3,0,10,8,2,1
1986-06-21,West Germany,Mexico,0,0,1629.6058905207396,1432.1207476623454,197.48514285839428,2,1,2,5,7,-2,3,1,1,7,5,2,0
1986-06-21,Brazil,France,1,1,1788.3886641776537,1618.9508936151879,169.43777056246586,4,0,1,11,3,8,3,1,1,9,4,5,0
1986-06-22,Argentina,England,2,1,1629.7851400815732,1651.8956300968894,-22.110490015316145,3,1,1,8,5,3,2,2,1,6,1,5,1
1986-06-22,Spain,Belgium,1,1,1564.1295538089955,1448.4495228191458,115.68003098984968,3,1,1,10,3,7,2,1,2,9,9,0,0
1986-06-25,Argentina,Belgium,2,0,1646.8019934159827,1453.5882824862774,193.21371092970526,4,1,0,9,3,6,2,2,1,10,9,1,1
1986-06-25,France,West Germany,0,2,1626.1888779075125,1621.3788649707933,4.810012936719204,3,2,0,8,2,6,2,2,1,4,4,0,-1
1986-06-28,France,Belgium,4,2,1601.8566352111702,1441.710402067347,160.1462331438231,2,2,1,7,4,3,2,2,1,9,9,0,1
1986-06-29,Argentina,West Germany,3,2,1658.679873834913,1645.7111076671356,12.968766167777403,4,1,0,8,2,6,3,1,1,5,3,2,1
1990-06-08,Argentina,Cameroon,0,1,1674.0829173052339,1507.6024331941155,166.48048411111836,5,0,0,10,3,7,0,3,0,1,1,0,-1
1990-06-09,Italy,Austria,1,0,1651.366262686789,1533.5120902389222,117.85417244786686,2,2,1,8,7,1,2,1,2,5,4,1,1
1990-06-09,Soviet Union,Romania,0,2,1608.351349707498,1465.6251700843904,142.72617962310756,2,2,1,12,5,7,1,1,3,8,10,-2,-1
1990-06-09,United Arab Emirates,Colombia,0,2,1500.0,1463.6471971245592,36.35280287544083,0,0,0,0,0,0,0,1,2,5,11,-6,-1
1990-06-10,Brazil,Sweden,2,1,1781.150679885329,1527.1034494959342,254.04723038939483,4,1,0,10,1,9,1,1,3,5,8,-3,1
1990-06-10,West Germany,Yugoslavia,4,1,1630.3080641968147,1510.9213827125632,119.38668148425154,2,1,2,5,5,0,1,1,3,4,6,-2,1
1990-06-10,USA,Czechoslovakia,1,5,1455.4787379291347,1467.2810021178952,-11.802264188760546,1,0,4,6,21,-15,0,2,3,3,7,-4,-1
1990-06-11,England,Republic of Ireland,1,1,1634.87877676248,1500.0,134.8787767624799,2,1,2,7,3,4,0,0,0,0,0,0,0
1990-06-11,Costa Rica,Scotland,1,0,1500.0,1476.0661024347012,23.93389756529882,0,0,0,0,0,0,0,2,3,4,9,-5,1
1990-06-12,Belgium,South Korea,2,0,1428.0507619061098,1414.7478586422203,13.302903263889448,1,2,2,9,12,-3,0,1,4,4,23,-19,1
1990-06-12,Netherlands,Egypt,1,1,1605.4071460446437,1476.0,129.4071460446437,2,1,2,12,10,2,0,0,1,2,4,-2,0
1990-06-13,Argentina,Soviet Union,2,0,1650.9536673077905,1575.0117289803602,75.94193832743031,4,0,1,8,4,4,2,1,2,12,7,5,1
1990-06-13,Uruguay,Spain,0,0,1458.3632708989958,1558.990794141864,-100.62752324286816,0,2,3,2,11,-9,3,1,1,11,4,7,0
1990-06-14,Cameroon,Romania,2,1,1530.731683191559,1498.964790811528,31.766892380030868,1,3,0,2,1,1,2,0,3,7,7,0,1
1990-06-14,Italy,USA,1,0,1662.1378892354642,1426.8838528964156,235.25403633904853,2,2,1,6,6,0,1,0,4,6,20,-14,1
1990-06-14,Yugoslavia,Colombia,1,0,1492.1811943629466,1490.1492358274925,2.031958535454123,1,1,3,4,8,-4,1,1,2,7,11,-4,1
1990-06-15,West Germany,United Arab Emirates,5,1,1649.0482525464313,1473.4979612970667,175.5502912493646,3,1,1,9,4,5,0,0,1,0,2,-2,1
1990-06-15,Austria,Czechoslovakia,0,1,1522.740463690247,1495.8758871506143,26.864576539632708,1,1,3,4,5,-1,1,2,2,7,6,1,-1
1990-06-16,Sweden,Scotland,1,2,1521.0842982213362,1461.1665589762415,59.91773924509471,1,1,3,4,6,-2,0,2,3,3,6,-3,-1
1990-06-16,England,Netherlands,0,0,1628.9616876913192,1599.7088290898098,29.252858601509388,2,2,1,8,3,5,2,2,1,11,8,3,0
1990-06-16,Brazil,Costa Rica,1,0,1787.169831159927,1514.8995434584597,272.2702877014674,4,1,0,11,2,9,1,0,0,1,0,1,1
1990-06-17,South Korea,Spain,1,3,1391.666341845782,1554.4820968788015,-162.8157550330195,0,1,4,4,16,-12,3,2,0,11,3,8,-1
1990-06-17,Belgium,Uruguay,3,1,1451.132278702548,1462.8719681620582,-11.739689459510146,2,1,2,9,10,-1,0,3,2,2,8,-6,1
1990-06-17,Republic of Ireland,Egypt,0,0,1505.9170890711607,1481.698316954834,24.218772116326818,0,1,0,1,1,0,0,1,1,3,5,-2,0
1990-06-18,Cameroon,Soviet Union,0,4,1545.272826766688,1556.1756351158633,-10.902808349175302,2,3,0,4,2,2,1,1,3,6,9,-3,-1
1990-06-18,Argentina,Romania,1,1,1669.7897611722874,1484.423647236399,185.3661139358885,4,0,1,9,4,5,2,0,3,7,7,0,0
1990-06-19,West Germany,Colombia,1,1,1664.8471034339277,1474.2428099092817,190.60429352464598,3,1,1,13,5,8,1,1,3,7,12,-5,0
1990-06-19,Yugoslavia,United Arab Emirates,4,1,1508.0876202811573,1457.6991104095703,50.388509871587075,2,1,2,4,6,-2,0,0,2,1,7,-6,1
1990-06-19,Italy,Czechoslovakia,2,0,1668.7036332582848,1513.1105869407297,155.59304631755504,3,1,1,6,5,1,2,2,1,8,5,3,1
1990-06-19,Austria,USA,2,1,1505.5057639001316,1420.318108873595,85.1876550265365,0,1,4,2,6,-4,1,0,4,5,14,-9,1
1990-06-20,Brazil,Scotland,1,0,1792.6930206997247,1479.898839065884,312.7941816338407,4,1,0,11,2,9,1,1,3,3,5,-2,1
1990-06-20,Sweden,Costa Rica,1,2,1502.3520181316937,1509.376353918662,-7.024335786968322,0,1,4,3,7,-4,1,0,1,1,1,0,-1
1990-06-21,England,Egypt,1,0,1627.6177180910372,1482.8118296559958,144.80588843504142,2,2,1,8,3,5,0,2,1,3,5,-2,1
1990-06-21,Republic of Ireland,Netherlands,1,1,1504.8035763699988,1601.0527986900918,-96.24922232009294,0,2,0,1,1,0,1,3,1,6,7,-1,0
1990-06-21,South Korea,Uruguay,0,1,1378.1563763183651,1438.0613276319323,-59.90495131356715,0,1,4,5,12,-7,0,2,3,2,10,-8,-1
1990-06-21,Belgium,Spain,1,2,1475.942919232674,1567.9920624062183,-92.04914317354428,2,1,2,8,8,0,3,2,0,12,3,9,-1
1990-06-23,Czechoslovakia,Costa Rica,4,1,1499.193369149107,1525.0529153689613,-25.859546219854337,2,1,2,7,6,1,2,0,1,3,2,1,1
1990-06-23,Cameroon,Colombia,2,1,1516.601393810175,1482.234372287268,34.36702152290718,2,2,1,4,6,-2,1,2,2,7,11,-4,1
1990-06-24,West Germany,Netherlands,2,1,1656.8555410559416,1596.730370418412,60.12517063752966,3,1,1,14,6,8,1,3,1,5,6,-1,1
1990-06-24,Brazil,Argentina,0,1,1797.229964606799,1661.9806060302617,135.24935857653736,4,1,0,9,2,7,3,1,1,8,4,4,-1
1990-06-25,Italy,Uruguay,2,0,1682.6208510499075,1451.3296192784865,231.29123177142105,4,0,1,7,4,3,1,2,2,2,4,-2,1
1990-06-25,Republic of Ireland,Romania,0,0,1509.1260046416787,1492.2328023784246,16.893202263254125,0,3,0,2,2,0,2,1,2,8,7,1,0
1990-06-26,England,Belgium,1,0,1637.3102238613453,1464.0854642415022,173.2247596198431,2,2,1,6,3,3,2,0,3,8,9,-1,1
1990-06-26,Spain,Yugoslavia,1,2,1579.8495173973902,1532.055020025627,47.7944973717631,3,2,0,11,4,7,3,0,2,8,7,1,-1
1990-06-30,Italy,Republic of Ireland,1,0,1692.6492358818464,1508.3486564208079,184.30057946103852,4,0,1,6,2,4,0,4,0,2,2,0,1
1990-06-30,Yugoslavia,Argentina,0,0,1550.2422584262586,1683.912421182411,-133.67016275615242,4,0,1,9,6,3,3,1,1,7,4,3,0
1990-07-01,England,Cameroon,3,2,1645.9342173583225,1531.0238756628669,114.9103416954556,2,2,1,4,3,1,3,1,1,6,7,-1,1
1990-07-01,West Germany,Czechoslovakia,1,0,1670.1139879118093,1529.2735624871202,140.8404254246891,3,1,1,14,7,7,3,1,1,11,5,6,1
1990-07-03,Italy,Argentina,1,1,1700.877517228289,1678.0434403502627,22.83407687802628,5,0,0,7,0,7,2,2,1,4,2,2,0
1990-07-04,West Germany,England,1,1,1679.9614202925275,1656.8272695094508,23.13415078307662,4,1,0,13,4,9,3,2,0,6,3,3,0
1990-07-07,Italy,England,2,1,1699.8274805175884,1657.89106483363,41.93641568395833,4,1,0,7,1,6,3,2,0,6,3,3,1
1990-07-08,West Germany,Argentina,1,0,1678.8976249683483,1679.0934770609633,-0.19585209261504133,3,2,0,10,4,6,2,3,0,5,2,3,1
1994-06-17,Spain,South Korea,2,2,1561.6622789967587,1364.888084671811,196.77419432494776,2,2,1,7,5,2,0,1,4,4,10,-6,0
1994-06-17,Germany,Bolivia,1,0,1614.3992980339158,1422.5666853459768,191.832612687939,4,0,1,21,13,8,0,0,3,0,16,-16,1
1994-06-18,USA,Switzerland,1,1,1408.1643758572334,1390.5401966373897,17.624179219843654,1,0,4,5,13,-8,0,0,5,2,14,-12,0
1994-06-18,Colombia,Romania,1,3,1467.811890434576,1493.0101505992955,-25.198260164719386,1,1,3,4,9,-5,1,2,2,6,6,0,-1
1994-06-18,Italy,Republic of Ireland,0,1,1713.90556172275,1500.1203750743653,213.78518664838475,4,1,0,8,2,6,0,4,1,2,3,-1,-1
1994-06-19,Cameroon,Sweden,2,2,1520.1308235117385,1486.6754566813945,33.45536683034402,3,0,2,7,9,-2,0,0,5,3,8,-5,0
1994-06-19,Norway,Mexico,1,0,1487.6587788618017,1440.3477732122917,47.31100564950998,0,0,1,1,2,-1,3,2,0,6,2,4,1
1994-06-19,Belgium,Morocco,1,0,1455.461470744525,1491.114910120607,-35.653439376081906,2,0,3,8,8,0,1,3,1,4,3,1,1
1994-06-20,Netherlands,Saudi Arabia,2,1,1583.4719235625441,1500.0,83.47192356254413,0,3,2,4,7,-3,0,0,0,0,0,0,1
1994-06-20,Brazil,Russia,2,0,1775.2981494546498,1500.0,275.2981494546498,3,1,1,5,3,2,0,0,0,0,0,0,1
1994-06-21,Nigeria,Bulgaria,3,0,1500.0,1367.2940393692895,132.70596063071048,0,0,0,0,0,0,0,2,3,3,10,-7,1
1994-06-21,Germany,Spain,1,1,1622.3653562118977,1553.4593629247013,68.90599328719645,5,0,0,19,5,14,2,2,1,8,6,2,0
1994-06-21,Argentina,Greece,4,0,1663.0844577397409,1500.0,163.08445773974086,1,3,1,3,3,0,0,0,0,0,0,0,1
1994-06-22,USA,Colombia,2,1,1407.3534478440263,1445.5494790296475,-38.19603118562122,0,1,4,5,14,-9,1,1,3,5,7,-2,1
1994-06-22,Romania,Switzerland,1,4,1515.272562004224,1391.3511246505968,123.9214373536272,2,2,1,7,4,3,0,1,4,2,13,-11,-1
1994-06-23,South Korea,Bolivia,0,0,1373.0910007438683,1414.6006271679948,-41.50962642412651,0,1,4,5,11,-6,0,0,4,0,17,-17,0
1994-06-23,Italy,Norway,1,0,1689.1397473289005,1501.4933941313063,187.64635319759418,3,1,1,6,3,3,1,0,1,2,2,0,1
1994-06-24,Sweden,Russia,3,1,1488.211389032575,1491.8340129543778,-3.6226239218028695,0,1,4,5,9,-4,0,0,1,0,2,-2,1
1994-06-24,Brazil,Cameroon,3,0,1783.464136500272,1518.594891160558,264.86924533971387,4,0,1,6,2,4,2,1,2,8,11,-3,1
1994-06-24,Mexico,Republic of Ireland,2,1,1426.513157942787,1524.8861894682148,-98.37303152542768,2,2,1,4,2,2,1,3,1,2,2,0,1
1994-06-25,Belgium,Netherlands,1,0,1473.0976330607684,1595.7001908291697,-122.60255776840131,3,0,2,7,4,3,1,3,1,5,5,0,1
1994-06-25,Argentina,Nigeria,2,1,1679.7282359333017,1517.7966020921324,161.9316338411693,2,2,1,6,2,4,1,0,0,3,0,3,1
1994-06-25,Saudi Arabia,Morocco,2,1,1487.7717327333744,1473.4787478043636,14.2929849290108,0,0,1,1,2,-1,1,2,2,3,3,0,1
1994-06-26,Bulgaria,Greece,4,0,1349.4974372771571,1483.3562218064392,-133.85878452928205,0,2,3,2,9,-7,0,0,1,0,4,-4,1
1994-06-26,Switzerland,Colombia,0,2,1428.935007973531,1427.7975391764976,1.137468797033307,1,1,3,6,11,-5,0,1,4,4,9,-5,-1
1994-06-26,USA,Romania,0,1,1425.1053876971762,1477.68867868129,-52.58329098411377,1,1,3,5,10,-5,1,2,2,6,8,-2,-1
1994-06-27,Bolivia,Spain,1,3,1412.6980820049143,1556.5916403955905,-143.89355839067616,0,1,4,0,17,-17,2,2,1,9,7,2,-1
1994-06-27,Germany,South Korea,3,2,1619.2330787410085,1374.9935459069488,244.23953283405967,4,1,0,13,4,9,0,2,3,3,8,-5,1
1994-06-28,Italy,Mexico,1,1,1697.2508544915001,1446.9261026333363,250.32475185816384,3,1,1,5,3,2,3,1,1,5,2,3,0
1994-06-28,Brazil,Sweden,1,1,1793.475200702977,1512.4616219596364,281.01357874334053,4,0,1,7,1,6,1,1,3,8,9,-1,0
1994-06-28,Russia,Cameroon,6,1,1467.5837800273164,1508.583826957853,-41.000046930536655,0,0,2,1,5,-4,1,1,3,6,13,-7,1
1994-06-28,Republic of Ireland,Norway,0,0,1504.4732447776655,1493.3822869687067,11.09095780895882,1,2,2,3,4,-1,1,0,2,2,3,-1,0
1994-06-29,Belgium,Saudi Arabia,0,1,1494.5204473672293,1503.11388751838,-8.593440151150617,3,0,2,6,4,2,1,0,1,3,3,0,-1
1994-06-29,Morocco,Netherlands,1,2,1458.136593019358,1574.277376522709,-116.1407835033508,1,1,3,4,5,-1,1,2,2,4,5,-1,-1
1994-06-30,Argentina,Bulgaria,0,2,1688.7678531332651,1389.9689566065513,298.79889652671386,2,2,1,7,3,4,1,1,3,5,8,-3,-1
1994-06-30,Greece,Nigeria,0,2,1442.884702477045,1508.756984892169,-65.87228241512389,0,0,2,0,8,-8,1,0,1,4,2,2,-1
1994-07-02,Spain,Switzerland,3,0,1571.1836815540357,1404.8564346933838,166.32724686065194,2,2,1,9,7,2,1,1,3,6,8,-2,1
1994-07-02,Germany,Belgium,3,2,1625.533005830951,1478.9161092301194,146.61689660083152,4,1,0,14,6,8,2,0,3,3,4,-1,1
1994-07-03,Romania,Argentina,3,2,1491.2854500360315,1648.0575162008931,-156.7720661648616,2,2,1,6,6,0,2,1,2,7,5,2,1
1994-07-03,Saudi Arabia,Sweden,1,3,1518.7182256554897,1523.1646612870886,-4.446435631598888,2,0,1,4,3,1,1,2,2,8,8,0,-1
1994-07-04,Netherlands,Republic of Ireland,2,0,1585.1195952502867,1503.9626607180314,81.15693453225526,2,1,2,6,6,0,1,2,2,2,3,-1,1
1994-07-04,Brazil,USA,1,0,1782.7721613755248,1411.5086163424346,371.26354503309017,3,1,1,7,2,5,1,1,3,4,6,-2,1
1994-07-05,Mexico,Bulgaria,1,1,1456.8015315694179,1430.6792935389233,26.1222380304946,2,2,1,5,3,2,2,0,3,6,7,-1,0
1994-07-05,Nigeria,Italy,1,2,1528.260438545174,1687.3754255554186,-159.11498701024448,2,0,1,6,2,4,2,2,1,5,4,1,-1
1994-07-09,Netherlands,Brazil,2,3,1603.6132588397916,1786.149336841742,-182.5360780019505,3,0,2,7,5,2,3,1,1,7,2,5,-1
1994-07-09,Italy,Spain,2,1,1696.5205766764268,1586.7173936058796,109.80318307054722,3,1,1,6,4,2,2,2,1,10,6,4,1
1994-07-10,Romania,Sweden,2,2,1514.0519538070087,1546.8575291627656,-32.8055753557569,3,1,1,8,7,1,2,2,1,10,7,3,0
1994-07-10,Bulgaria,Germany,2,1,1431.8800054029327,1635.155217714133,-203.27521231120022,2,1,2,7,6,1,4,1,0,11,7,4,1
1994-07-13,Sweden,Brazil,0,1,1545.3512503488275,1794.439857729069,-249.08860738024146,2,3,0,11,7,4,4,1,0,10,3,7,-1
1994-07-13,Bulgaria,Italy,1,2,1456.3014914245323,1707.6258414002923,-251.32434997576001,3,1,1,9,5,4,3,1,1,6,4,2,-1
1994-07-16,Sweden,Bulgaria,4,0,1539.1913616910613,1450.2053664561688,88.98599523489247,2,2,1,9,6,3,3,1,1,10,4,6,1
1994-07-17,Brazil,Italy,0,0,1800.5997463868352,1713.7219663686558,86.87778001817946,4,1,0,9,3,6,4,1,0,8,4,4,0
1998-06-10,Brazil,Scotland,2,1,1796.6802303401187,1475.3618951588096,321.31833518130907,3,2,0,6,3,3,1,1,3,3,5,-2,1
1998-06-10,Morocco,Norway,2,2,1447.2943742917803,1493.8928710283408,-46.59849673656049,1,0,4,5,7,-2,1,1,2,2,3,-1,0
1998-06-11,Cameroon,Austria,1,1,1473.7189853557356,1517.6594969164933,-43.94051156075761,1,1,3,7,15,-8,1,1,3,4,6,-2,0
1998-06-11,Italy,Chile,2,2,1717.6414824153724,1451.967033106905,265.6744493084673,3,2,0,7,4,3,0,2,3,4,9,-5,0
1998-06-12,France,South Africa,3,0,1615.5162753724076,1500.0,115.51627537240756,3,1,1,10,5,5,0,0,0,0,0,0,1
1998-06-12,Saudi Arabia,Denmark,0,1,1495.0253577798128,1543.0597702522202,-48.03441247240744,2,0,2,5,6,-1,3,0,1,10,6,4,-1
1998-06-12,Paraguay,Bulgaria,0,0,1461.3278657677417,1428.025050775049,33.302814992692674,1,3,1,7,9,-2,2,1,2,6,8,-2,0
1998-06-13,Netherlands,Belgium,0,0,1595.3227379524646,1469.2938973469377,126.02884060552697,3,0,2,8,6,2,2,0,3,4,5,-1,0
1998-06-13,South Korea,Mexico,1,3,1368.6936188170064,1455.6008197054084,-86.90720088840203,0,2,3,5,9,-4,1,3,1,4,4,0,-1
1998-06-13,Spain,Nigeria,2,3,1575.612128882014,1519.115287424166,56.49684145784818,2,2,1,10,6,4,2,0,2,7,4,3,-1
1998-06-14,Jamaica,Croatia,1,3,1500.0,1500.0,0.0,0,0,0,0,0,0,0,0,0,0,0,0,-1
1998-06-14,FR Yugoslavia,Iran,1,0,1500.0,1452.4924864533991,47.507513546600876,0,0,0,0,0,0,0,1,2,2,8,-6,1
1998-06-14,Argentina,Japan,1,0,1625.291012429916,1500.0,125.29101242991601,2,0,3,8,7,1,0,0,0,0,0,0,1
1998-06-15,England,Tunisia,2,0,1643.8129836284684,1513.540396583022,130.27258704544647,3,1,1,7,5,2,1,1,1,3,2,1,1
1998-06-15,Germany,USA,2,0,1610.7337316925334,1408.1314408762173,202.6022908163161,3,1,1,9,7,2,1,1,3,4,6,-2,1
1998-06-15,Romania,Colombia,1,0,1515.5582326209467,1451.8761124566447,63.68212016430198,3,1,1,10,9,1,1,1,3,6,8,-2,1
1998-06-16,Brazil,Morocco,3,0,1801.029451831794,1449.427538865415,351.6019129663789,4,1,0,7,3,4,0,1,4,4,8,-4,1
1998-06-16,Scotland,Norway,1,1,1471.0126736671343,1491.759706454706,-20.747032787571698,1,1,3,3,5,-2,1,2,2,4,5,-1,0
1998-06-17,Italy,Cameroon,3,0,1707.3403473943997,1475.7318005249717,231.60854686942798,3,2,0,8,5,3,0,2,3,6,15,-9,1
1998-06-17,Chile,Austria,1,1,1462.2681681278777,1515.6466817472572,-53.37851361937942,0,2,3,5,10,-5,1,2,2,5,6,-1,0
1998-06-18,France,Saudi Arabia,4,0,1634.535283580923,1481.223437184717,153.31184639620596,3,1,1,10,5,5,2,0,3,5,7,-2,1
1998-06-18,South Africa,Denmark,1,1,1480.9809917914845,1556.861690847316,-75.88069905583143,0,0,1,0,3,-3,4,0,1,11,6,5,0
1998-06-19,Spain,Paraguay,0,0,1557.0330455361188,1459.7988942420554,97.2341512940634,2,1,2,10,7,3,1,3,1,4,6,-2,0
1998-06-19,Nigeria,Bulgaria,1,0,1537.6943707700611,1429.5540223007354,108.14034846932577,3,0,2,10,6,4,1,2,2,4,8,-4,1
1998-06-20,Netherlands,South Korea,5,0,1589.7607322466085,1350.574803209173,239.18592903743547,2,1,2,6,5,1,0,2,3,5,9,-4,1
1998-06-20,Belgium,Mexico,2,2,1474.8559030527938,1473.7196353132417,1.1362677395520677,2,1,2,4,4,0,2,2,1,7,5,2,0
1998-06-20,Japan,Croatia,0,1,1489.532111484824,1524.0,-34.4678885151759,0,0,1,0,1,-1,1,0,0,3,1,2,-1
1998-06-21,Germany,FR Yugoslavia,2,2,1622.1351429661984,1513.8257321782137,108.30941078798469,3,1,1,10,7,3,1,0,0,1,0,1,0
1998-06-21,Argentina,Jamaica,5,0,1635.758900945092,1476.0,159.7589009450919,3,0,2,9,6,3,0,0,1,1,3,-2,1
1998-06-21,USA,Iran,1,2,1396.7300296025523,1438.6667542751854,-41.93672467263309,1,1,3,3,6,-3,0,1,3,2,9,-7,-1
1998-06-22,Colombia,Tunisia,1,0,1438.776375981288,1498.1400254208004,-59.3636494395123,1,0,4,5,8,-3,1,1,2,3,4,-1,1
1998-06-22,Romania,England,2,1,1528.6579690963033,1659.21335479069,-130.5553856943866,3,1,1,8,8,0,3,1,1,8,5,3,1
1998-06-23,Scotland,Morocco,0,3,1471.9669758048421,1442.8919056479258,29.075070156916354,1,1,3,4,6,-2,0,1,4,4,10,-6,-1
1998-06-23,Brazil,Norway,1,2,1807.5650850492832,1490.8054043169982,316.759680732285,4,1,0,9,3,6,1,3,1,4,4,0,-1
1998-06-23,Chile,Cameroon,1,1,1464.7071795657548,1464.0489152785624,0.6582642871924236,0,2,3,6,11,-5,0,2,3,4,15,-11,0
1998-06-23,Italy,Austria,2,1,1719.023232640809,1513.20767030938,205.81556233142896,3,2,0,9,4,5,1,2,2,4,5,-1,1
1998-06-24,Nigeria,Paraguay,1,3,1548.8691465002541,1464.1633375884178,84.70580891183636,3,0,2,8,6,2,0,4,1,3,6,-3,-1
1998-06-24,Spain,Bulgaria,6,1,1552.6686021897565,1418.3792465705424,134.28935561921412,2,1,2,9,6,3,1,1,3,3,8,-5,1
1998-06-24,France,Denmark,2,1,1651.860338909465,1553.421776471711,98.43856243775417,3,1,1,12,5,7,3,1,1,11,7,4,1
1998-06-24,South Africa,Saudi Arabia,2,2,1484.4209061670895,1463.898381856175,20.522524310914378,0,1,1,1,4,-3,2,0,3,4,9,-5,0
1998-06-25,Belgium,South Korea,1,1,1474.8035761761778,1338.0003929637937,136.80318321238406,1,2,2,5,6,-1,0,2,3,5,13,-8,0
1998-06-25,Netherlands,Mexico,2,2,1602.3351424919879,1473.7719621898577,128.56318030213015,3,1,1,11,4,7,2,3,0,9,6,3,0
1998-06-25,Germany,Iran,2,0,1617.3028422164193,1452.7448214562082,164.5580207602111,3,1,1,11,8,3,1,1,3,4,10,-6,1
1998-06-25,USA,FR Yugoslavia,0,1,1382.6519624215296,1518.6580329279927,-136.00607050646317,1,0,4,3,7,-4,1,1,0,3,2,1,-1
1998-06-26,Colombia,England,0,2,1457.4838766735747,1637.4689209431215,-179.98504426954673,2,0,3,5,6,-1,2,1,2,8,7,1,-1
1998-06-26,Japan,Jamaica,1,2,1475.114229442236,1458.2141281727922,16.900101269443667,0,0,2,0,2,-2,0,0,2,1,8,-7,-1
1998-06-26,Argentina,Croatia,1,0,1653.5447727722997,1538.4178820425882,115.12689072971148,3,0,2,10,6,4,2,0,0,4,1,3,1
1998-06-26,Romania,Tunisia,1,1,1550.4024029438717,1479.4325247285137,70.969878215358,4,1,0,9,5,4,1,1,3,3,5,-2,0
1998-06-27,Brazil,Chile,4,1,1780.0138712511562,1464.6768654113284,315.3370058398277,3,1,1,7,3,4,0,3,2,7,11,-4,1
1998-06-27,Italy,Norway,1,0,1726.5174947488297,1518.3566181151252,208.16087663370445,3,2,0,9,4,5,1,3,1,5,5,0,1
1998-06-28,Nigeria,Denmark,1,4,1519.1311177495695,1541.8375092605183,-22.706391510948833,3,0,2,8,7,1,2,1,2,6,8,-2,-1
1998-06-28,France,Paraguay,1,0,1663.4446061206577,1493.9013663391024,169.54323978155526,4,0,1,13,5,8,1,3,1,5,6,-1,1
1998-06-29,Netherlands,FR Yugoslavia,2,1,1596.6707911766064,1528.6961839377798,67.9746072388266,2,2,1,11,5,6,2,1,0,4,2,2,1
1998-06-29,Germany,Mexico,2,1,1630.7156623451733,1479.4363135052392,151.27934883993407,3,1,1,10,6,4,1,4,0,9,7,2,1
1998-06-30,Argentina,England,2,2,1664.428870233674,1650.0404862114392,14.388384022234732,3,0,2,9,5,4,2,1,2,7,5,2,0
1998-06-30,Romania,Croatia,0,1,1547.17882990471,1527.533784581214,19.645045323496106,3,2,0,9,6,3,2,0,1,4,2,2,-1
1998-07-03,Italy,France,0,0,1733.9345526148181,1672.2027592768413,61.7317933379768,3,2,0,8,3,5,5,0,0,14,3,11,0
1998-07-03,Brazil,Denmark,3,2,1787.8543044222652,1568.0101911688532,219.84411325341193,3,1,1,10,4,6,2,1,2,8,9,-1,1
1998-07-04,Germany,Croatia,0,3,1640.158248180683,1544.437509454313,95.72073872636997,3,1,1,9,5,4,3,0,1,5,2,3,-1
1998-07-04,Netherlands,Argentina,2,1,1609.5797833516654,1663.7666392044305,-54.18685585276512,2,2,1,11,6,5,3,1,1,11,5,6,1
1998-07-07,Brazil,Netherlands,1,1,1794.8950838106412,1628.0551423433828,166.8399414672583,4,0,1,13,6,7,3,2,0,11,4,7,0
1998-07-08,France,Croatia,2,1,1675.0160704959314,1579.9622603404202,95.0538101555112,4,1,0,10,1,9,4,0,1,8,2,6,1
1998-07-11,Netherlands,Croatia,1,2,1635.1976532917683,1568.2336082833497,66.96404500841868,3,2,0,12,5,7,3,0,2,6,3,3,-1
1998-07-12,Brazil,France,0,3,1787.7525728622556,1686.744722553002,101.00785030925363,3,1,1,12,6,6,4,1,0,9,2,7,-1
2002-05-31,France,Senegal,0,1,1722.6631508885218,1500.0,222.66315088852184,4,1,0,8,2,6,0,0,0,0,0,0,-1
2002-06-01,Germany,Saudi Arabia,8,0,1604.6334972945756,1464.8423813806862,139.79111591388937,3,1,1,8,6,2,1,1,3,4,10,-6,1
2002-06-01,Uruguay,Denmark,1,2,1441.3012344465476,1560.969411780477,-119.6681773339294,1,1,3,2,6,-4,2,1,2,9,7,2,-1
2002-06-01,Republic of Ireland,Cameroon,1,1,1485.4689971285266,1464.0792294329888,21.389767695537785,1,1,3,2,5,-3,0,2,3,3,14,-11,0
2002-06-02,Spain,Slovenia,3,1,1572.375998581456,1500.0,72.37599858145609,2,1,2,12,6,6,0,0,0,0,0,0,1
2002-06-02,England,Sweden,1,1,1650.7027172406827,1561.371677372181,89.33103986850165,2,1,2,8,6,2,2,2,1,10,5,5,0
2002-06-02,Paraguay,South Africa,2,2,1485.1432131829188,1483.4769066425783,1.666306540340429,1,2,2,3,5,-2,0,2,1,3,6,-3,0
2002-06-02,Argentina,Nigeria,1,0,1645.291280212713,1492.9584358412346,152.33284437147836,3,1,1,10,4,6,2,0,3,7,11,-4,1
2002-06-03,Croatia,Mexico,0,1,1587.2797898123954,1469.9937276697297,117.28606214266574,3,0,2,7,4,3,1,3,1,9,8,1,-1
2002-06-03,Italy,Ecuador,2,0,1731.121241395728,1500.0,231.12124139572802,3,2,0,8,3,5,0,0,0,0,0,0,1
2002-06-03,Brazil,Turkey,2,1,1751.8341445267358,1475.3038935593056,276.5302509674302,2,1,2,9,9,0,1,0,2,10,11,-1,1
2002-06-04,South Korea,Poland,2,0,1343.9938266137829,1576.9116789985385,-232.91785238475563,0,2,3,4,12,-8,2,1,2,4,9,-5,1
2002-06-04,Japan,Belgium,2,2,1458.3365642606295,1468.8101425261887,-10.473578265559127,0,0,3,1,4,-3,0,3,2,5,7,-2,0
2002-06-04,China,Costa Rica,0,2,1500.0,1494.972722030948,5.027277969051966,0,0,0,0,0,0,2,0,2,4,6,-2,-1
2002-06-05,Germany,Republic of Ireland,1,1,1626.8829762056066,1484.4852045374096,142.39777166819704,3,1,1,14,6,8,1,2,2,3,5,-2,0
2002-06-05,USA,Portugal,3,2,1372.6138114117425,1571.094604111971,-198.48079270022845,0,0,5,1,7,-6,2,0,3,5,7,-2,1
2002-06-05,Russia,Tunisia,2,0,1502.4486216294338,1482.6560977676754,19.792523861758355,1,0,2,7,6,1,0,2,3,1,5,-4,1
2002-06-06,France,Uruguay,0,0,1697.6152187251191,1430.604097886854,267.011120838265,3,1,1,6,2,4,1,1,3,3,7,-4,0
2002-06-06,Cameroon,Saudi Arabia,1,0,1465.0630220241057,1442.5929024696552,22.470119554450548,0,3,2,4,12,-8,0,1,4,3,18,-15,1
2002-06-06,Denmark,Senegal,1,1,1571.6665483401705,1525.0479321634027,46.61861617676777,2,1,2,10,8,2,1,0,0,1,0,1,0
2002-06-07,Argentina,England,0,1,1654.6935499983442,1646.6771892955655,8.016360702778684,3,1,1,10,4,6,2,2,1,8,5,3,-1
2002-06-07,Spain,Paraguay,3,1,1591.4475268071199,1485.066477519267,106.38104928785287,2,1,2,12,7,5,1,3,1,5,4,1,1
2002-06-07,Sweden,Nigeria,2,1,1565.3972053172981,1483.5561660556034,81.84103926169473,2,2,1,10,5,5,2,0,3,6,10,-4,1
2002-06-08,South Africa,Slovenia,1,0,1483.5536423062301,1480.9284717743362,2.6251705318939003,0,3,1,5,8,-3,0,0,1,1,3,-2,1
2002-06-08,Italy,Croatia,1,2,1741.1573914257522,1566.074797632434,175.0825937933182,4,1,0,8,1,7,3,0,2,7,4,3,-1
2002-06-08,Brazil,China,4,0,1757.2461678725938,1475.6527521749445,281.59341569764933,3,1,1,10,8,2,0,0,1,0,2,-2,1
2002-06-09,Mexico,Ecuador,2,1,1491.198719849691,1489.9638499699759,1.2348698797152338,2,2,1,9,7,2,0,0,1,0,2,-2,1
2002-06-09,Japan,Russia,1,0,1458.8187443137551,1525.082879608465,-66.26413529470983,0,1,3,3,6,-3,2,0,2,9,6,3,1
2002-06-09,Costa Rica,Turkey,1,1,1519.3199698560036,1469.8918702134476,49.428099642555935,3,0,2,6,6,0,1,0,3,11,13,-2,0
2002-06-10,South Korea,USA,1,1,1382.0395225652835,1396.87451594938,-14.834993384096606,1,1,3,6,12,-6,1,0,4,4,8,-4,0
2002-06-10,Portugal,Poland,4,0,1546.8338995743334,1538.8659830470378,7.967916527295529,2,0,3,6,8,-2,1,1,3,1,9,-8,1
2002-06-10,Tunisia,Belgium,1,1,1460.0218397886442,1468.327962473063,-8.306122684418824,0,2,3,1,6,-5,0,4,1,7,8,-1,0
2002-06-11,Denmark,France,2,0,1569.5324737082187,1687.2781322263752,-117.74565851815646,2,1,2,10,8,2,2,2,1,5,2,3,1
2002-06-11,Cameroon,Germany,0,2,1480.0296751208248,1620.6694005355878,-140.639725414763,1,3,1,4,6,-2,3,1,1,13,5,8,-1
2002-06-11,Saudi Arabia,Republic of Ireland,0,3,1427.6262493729362,1490.6987802074284,-63.07253083449223,0,1,4,2,16,-14,0,3,2,3,6,-3,-1
2002-06-11,Senegal,Uruguay,3,3,1527.1820067953545,1440.941184385598,86.24082240975645,1,1,0,2,1,1,1,1,3,3,7,-4,0
2002-06-12,Slovenia,Paraguay,1,3,1465.0493630444164,1468.193670609997,-3.144307565580675,0,0,2,1,4,-3,1,2,2,6,7,-1,-1
2002-06-12,South Africa,Spain,2,3,1499.43275103615,1608.3203337163898,-108.8875826802398,1,3,1,6,8,-2,3,1,1,14,6,8,-1
2002-06-12,Nigeria,England,0,0,1471.2568893363937,1663.0462908526004,-191.78940151620668,1,0,4,4,10,-6,2,2,1,7,5,2,0
2002-06-12,Sweden,Argentina,1,1,1577.6964820365079,1638.3244484413094,-60.627966404801555,2,2,1,9,5,4,2,1,2,5,5,0,0
2002-06-13,Ecuador,Croatia,1,0,1474.0207175900498,1589.5180116781096,-115.49729408805979,0,0,2,1,4,-3,3,0,2,8,5,3,1
2002-06-13,Mexico,Italy,1,1,1507.1418522296171,1717.7141773800765,-210.5723251504594,2,2,1,8,7,1,3,1,1,6,3,3,0
2002-06-13,Turkey,China,3,0,1472.1528849475565,1465.8806386941394,6.272246253417052,1,1,3,12,14,-2,0,0,2,0,6,-6,1
2002-06-13,Costa Rica,Brazil,2,5,1517.0589551218948,1767.0182813533988,-249.95932623150406,2,1,2,6,7,-1,3,1,1,10,7,3,-1
2002-06-14,Tunisia,Japan,0,2,1460.4042780170687,1477.8338502460815,-17.42957222901282,0,2,3,2,7,-5,1,1,3,4,6,-2,-1
2002-06-14,Portugal,South Korea,0,1,1575.7551867436075,1382.7222843788416,193.03290236476596,2,0,3,8,7,1,1,2,2,5,10,-5,-1
2002-06-14,Belgium,Russia,3,2,1467.9455242446386,1506.0677736761386,-38.122249431499995,0,5,0,6,6,0,2,0,3,9,7,2,1
2002-06-14,Poland,USA,3,1,1509.9446958777637,1396.191754135822,113.75294174194164,1,0,4,1,13,-12,1,1,3,5,8,-3,1
2002-06-15,Denmark,England,0,3,1601.3683377411367,1655.0138373541593,-53.645499613022594,3,1,1,11,6,5,2,3,0,6,3,3,-1
2002-06-15,Germany,Paraguay,1,0,1635.4523655801017,1491.9764754677828,143.4758901123189,3,1,1,13,5,8,2,1,2,9,8,1,1
2002-06-16,Spain,Republic of Ireland,1,1,1619.463848026245,1513.6708470067351,105.7930010195098,4,1,0,15,5,10,1,3,1,5,4,1,0
2002-06-16,Sweden,Senegal,1,2,1580.4605043792185,1523.2900758107078,57.170428568510715,2,2,1,8,4,4,1,2,0,5,4,1,-1
2002-06-17,Brazil,Belgium,2,0,1777.7545233628155,1485.694106981812,292.0604163810035,3,1,1,12,7,5,1,4,0,9,8,1,1
2002-06-17,Mexico,USA,0,2,1515.8035947444062,1379.78029461691,136.0233001274962,2,2,1,7,6,1,1,1,3,6,9,-3,-1
2002-06-18,Japan,Turkey,0,1,1500.630867048347,1499.647456529117,0.9834105192298921,2,1,2,6,5,1,2,1,2,14,10,4,-1
2002-06-18,South Korea,Italy,2,1,1406.7974934797878,1709.0524348652875,-302.2549413854997,2,2,1,5,7,-2,2,2,1,5,3,2,1
2002-06-21,England,Brazil,1,2,1678.7245532630907,1785.2872601630324,-106.56270689994176,2,3,0,7,3,4,4,0,1,13,6,7,-1
2002-06-21,Germany,USA,1,0,1645.196679422044,1412.7240930159421,232.47258640610198,3,1,1,12,4,8,2,1,2,7,7,0,1
2002-06-22,Senegal,Turkey,0,1,1541.8993635212792,1515.692744136212,26.206619385067143,2,2,0,7,5,2,2,1,2,8,10,-2,-1
2002-06-22,Spain,South Korea,0,0,1614.7370907690815,1434.0191515762874,180.71793919279412,4,1,0,16,6,10,3,2,0,7,3,4,0
2002-06-25,Germany,South Korea,1,0,1651.846374383049,1441.6641797771258,210.1821946059231,4,1,0,13,1,12,3,2,0,6,2,4,1
2002-06-26,Brazil,Turkey,1,0,1796.5281714031146,1532.8973199505476,263.63085145256696,5,0,0,15,4,11,3,1,1,7,3,4,1
2002-06-29,South Korea,Turkey,2,3,1434.313213733873,1527.1431445779124,-92.82993084403938,2,2,1,4,3,1,3,1,1,6,2,4,-1
2002-06-30,Germany,Brazil,0,2,1659.1973404263017,1802.2823467757498,-143.08500634944812,4,1,0,6,1,5,5,0,0,14,3,11,-1
2006-06-09,Poland,Ecuador,0,2,1526.3561553966758,1495.1519286951198,31.20422670155608,1,0,4,3,14,-11,1,0,2,2,4,-2,-1
2006-06-09,Germany,Costa Rica,4,2,1644.5579858839278,1506.3227131124781,138.23527277144967,4,0,1,5,2,3,2,1,2,8,11,-3,1
2006-06-10,Argentina,Ivory Coast,2,1,1635.5604260985988,1500.0,135.56042609859878,1,2,2,5,6,-1,0,0,0,0,0,0,1
2006-06-10,Trinidad and Tobago,Sweden,0,0,1500.0,1561.851216668647,-61.85121666864711,0,0,0,0,0,0,2,2,1,9,5,4,0
2006-06-10,England,Paraguay,1,0,1667.4836420230085,1482.2321616258405,185.25148039716805,2,2,1,6,3,3,1,1,3,6,8,-2,1
2006-06-11,Serbia and Montenegro,Netherlands,0,1,1500.0,1616.1514717627226,-116.15147176272262,0,0,0,0,0,0,2,2,1,8,7,1,-1
2006-06-11,Angola,Portugal,0,1,1500.0,1551.6799776426612,-51.67997764266124,0,0,0,0,0,0,1,0,4,7,8,-1,-1
2006-06-11,Mexico,Iran,3,1,1482.859796345374,1439.3320013274542,43.52779501791974,2,1,2,5,6,-1,1,1,3,4,9,-5,1
2006-06-12,USA,Czech Republic,0,3,1406.0743980549373,1500.0,-93.92560194506268,2,1,2,7,7,0,0,0,0,0,0,0,-1
2006-06-12,Australia,Japan,3,1,1462.4101344434876,1484.585579441252,-22.175444997764544,0,1,2,0,5,-5,2,1,2,6,5,1,1
2006-06-12,Italy,Ghana,2,0,1681.830776768788,1500.0,181.83077676878793,1,2,2,5,5,0,0,0,0,0,0,0,1
2006-06-13,Brazil,Croatia,1,0,1816.9217013181237,1568.3868005730396,248.5349007450841,5,0,0,12,3,9,2,0,3,5,6,-1,1
2006-06-13,France,Switzerland,0,0,1655.4422681934573,1389.32272264154,266.1195455519173,2,1,2,5,4,1,1,1,3,5,9,-4,0
2006-06-13,South Korea,Togo,2,1,1422.4892854686816,1500.0,-77.5107145313184,2,1,2,5,5,0,0,0,0,0,0,0,1
2006-06-14,Germany,Poland,1,0,1659.4829226841373,1500.2064208597108,159.27650182442653,4,0,1,7,4,3,1,0,4,3,13,-10,1
2006-06-14,Tunisia,Saudi Arabia,2,2,1437.6072612148032,1404.6541825736294,32.95307864117376,0,2,3,2,7,-5,0,1,4,2,18,-16,0
2006-06-14,Spain,Ukraine,4,0,1607.0920625682431,1500.0,107.09206256824314,3,2,0,10,5,5,0,0,0,0,0,0,1
2006-06-15,Sweden,Paraguay,1,0,1559.0325761561598,1474.0372946015011,84.99528155465873,1,3,1,5,5,0,1,1,3,6,8,-2,1
2006-06-15,England,Trinidad and Tobago,2,0,1675.678509047348,1502.8186405124873,172.85986853486065,3,1,1,6,2,4,0,1,0,0,0,0,1
2006-06-15,Ecuador,Costa Rica,3,0,1521.3016632320848,1491.3977763122687,29.90388691981616,2,0,2,4,4,0,1,1,3,8,14,-6,1
2006-06-16,Argentina,Serbia and Montenegro,6,0,1645.6162588151894,1489.1582223314174,156.45803648377205,2,1,2,5,5,0,0,0,1,0,1,-1,1
2006-06-16,Netherlands,Ivory Coast,2,1,1626.9932494313052,1489.9441672834093,137.0490821478959,3,1,1,7,5,2,0,0,1,1,2,-1,1
2006-06-16,Mexico,Angola,0,0,1503.8686360336217,1486.362552235531,17.506083798090685,3,1,1,7,5,2,0,0,1,0,1,-1,0
2006-06-17,Portugal,Iran,2,0,1565.3174254071303,1418.3231616392065,146.9942637679237,2,0,3,8,7,1,1,0,4,4,11,-7,1
2006-06-17,Italy,USA,1,1,1694.3040036199327,1385.4647409672352,308.83926265269747,2,1,2,7,5,2,1,1,3,4,8,-4,0
2006-06-17,Czech Republic,Ghana,0,2,1520.609657087702,1487.5267731488552,33.08288393884686,1,0,0,3,0,3,0,0,1,0,2,-2,-1
2006-06-18,Japan,Croatia,0,0,1459.0558306843898,1562.21104186885,-103.15521118446031,2,1,2,6,6,0,2,0,3,4,5,-1,0
2006-06-18,France,South Korea,1,1,1645.1291419292158,1442.0007224579135,203.12841947130232,1,2,2,3,3,0,2,1,2,6,6,0,0
2006-06-18,Brazil,Australia,2,0,1823.0974600223133,1487.9398832003499,335.1575768219634,5,0,0,8,1,7,1,1,2,3,6,-3,1
2006-06-19,Spain,Tunisia,3,1,1627.8466582137905,1436.0942500960255,191.75240811776507,3,2,0,11,4,7,0,3,2,4,8,-4,1
2006-06-19,Saudi Arabia,Ukraine,0,4,1406.1671936924072,1479.2454043544526,-73.07821066204542,0,2,3,4,16,-12,0,0,1,0,4,-4,-1
2006-06-19,Togo,Switzerland,0,2,1480.488563010768,1399.6358489057814,80.85271410498672,0,0,1,1,2,-1,1,2,2,5,7,-2,-1
2006-06-20,Sweden,England,2,2,1571.1946574560254,1688.6343579157847,-117.43970045975925,2,2,1,5,4,1,3,1,1,7,2,5,0
2006-06-20,Paraguay,Trinidad and Tobago,2,0,1461.8752133016355,1489.8627916440505,-27.987578342414963,1,0,4,4,7,-3,0,1,1,0,2,-2,1
2006-06-20,Ecuador,Germany,0,3,1546.8976281957025,1668.622002238002,-121.72437404229959,3,0,2,7,4,3,4,0,1,7,4,3,-1
2006-06-20,Costa Rica,Poland,1,2,1465.801811348651,1491.067341305846,-25.265529957194985,1,1,3,7,13,-6,1,0,4,3,10,-7,-1
2006-06-21,Portugal,Mexico,2,1,1579.7288270445545,1503.0631326385871,76.66569440596732,3,0,2,9,4,5,2,2,1,6,5,1,1
2006-06-21,Netherlands,Argentina,0,0,1636.9900832616868,1664.569279434996,-27.57919617330913,3,1,1,7,5,2,3,1,1,10,3,7,0
2006-06-21,Ivory Coast,Serbia and Montenegro,3,2,1479.9473334530278,1470.205201711611,9.74213174141687,0,0,2,2,4,-2,0,0,2,0,7,-7,1
2006-06-21,Iran,Angola,1,1,1403.9117600017823,1487.1680556305655,-83.25629562878316,1,0,4,3,9,-6,0,1,1,0,1,-1,0
2006-06-22,Croatia,Australia,2,2,1557.5954047920516,1481.852252848539,75.74315194351266,1,1,3,2,4,-2,1,1,3,3,8,-5,0
2006-06-22,Japan,Brazil,1,4,1463.6714677611883,1829.1850903741242,-365.51362261293593,2,1,2,4,4,0,5,0,0,8,1,7,-1
2006-06-22,Czech Republic,Italy,0,2,1494.3312542729911,1682.9303177880256,-188.59906351503446,1,0,1,3,2,1,1,2,2,6,6,0,-1
2006-06-22,Ghana,USA,2,1,1513.8051759635662,1396.8384267991423,116.96674916442385,1,0,1,2,2,0,1,1,3,4,8,-4,1
2006-06-23,Switzerland,South Korea,2,0,1429.1222727048284,1450.417320118199,-21.29504741337064,2,1,2,6,6,0,1,2,2,5,6,-1,1
2006-06-23,Togo,France,0,2,1451.002139211721,1636.7125442689303,-185.7104050572093,0,0,2,1,4,-3,0,3,2,1,4,-3,-1
2006-06-23,Ukraine,Tunisia,1,0,1502.70967709922,1424.141018875214,78.56865822400596,1,0,1,4,4,0,0,2,3,4,10,-6,1
2006-06-23,Saudi Arabia,Spain,0,1,1382.7029209476398,1639.799889434602,-257.09696848696217,0,1,4,2,18,-16,3,2,0,11,4,7,-1
2006-06-24,Germany,Sweden,2,0,1687.1947742488853,1576.4059752667672,110.78879898211812,4,0,1,9,4,5,1,3,1,5,5,0,1
2006-06-24,Argentina,Mexico,2,1,1663.3018714085033,1490.53750961912,172.7643617893832,2,2,1,9,3,6,1,2,2,5,6,-1,1
2006-06-25,Portugal,Netherlands,1,0,1592.2544500640215,1638.2574912881794,-46.00304122415787,4,0,1,9,2,7,2,2,1,5,4,1,1
2006-06-25,England,Ecuador,1,0,1683.423040105043,1528.3248561848193,155.09818392022362,3,1,1,9,4,5,3,0,2,7,5,2,1
2006-06-26,Switzerland,Ukraine,0,0,1454.591443174107,1515.15189770943,-60.56045453532283,2,1,2,4,5,-1,2,0,1,5,4,1,0
2006-06-26,Italy,Australia,1,0,1695.047233908969,1485.2861252190403,209.76110868992873,2,2,1,7,4,3,1,2,2,5,8,-3,1
2006-06-27,Spain,France,1,3,1645.7337161201283,1648.9807029362712,-3.2469868161429076,3,2,0,9,2,7,1,3,1,3,3,0,-1
2006-06-27,Brazil,Ghana,3,0,1835.2724191241489,1524.6133364289576,310.6590826951913,5,0,0,10,1,9,2,0,1,4,3,1,1
2006-06-30,Italy,Ukraine,3,0,1702.4119342090787,1512.3908917213046,190.02104248777414,3,1,1,7,3,4,2,1,1,5,4,1,1
2006-06-30,Germany,Argentina,1,1,1703.7910128891249,1671.9425713048254,31.848441584299508,4,0,1,10,4,6,3,2,0,11,3,8,0
2006-07-01,Brazil,France,0,1,1843.2961881730105,1672.7564155627751,170.53977261023533,5,0,0,12,1,11,2,2,1,6,4,2,-1
2006-07-01,England,Portugal,0,0,1692.719963534774,1610.3606741889798,82.3592893457942,3,1,1,7,4,3,4,0,1,6,2,4,0
2006-07-04,Germany,Italy,0,2,1702.3284322856514,1716.4620077540649,-14.133575468413483,4,1,0,11,3,8,4,1,0,9,1,8,-1
2006-07-05,Portugal,France,0,1,1614.0839791738442,1696.0347055532152,-81.95072637937096,4,1,0,6,1,5,3,2,0,7,2,5,-1
2006-07-08,Germany,Portugal,3,1,1679.3042069009102,1601.789483153199,77.51472374771129,3,1,1,7,3,4,3,1,1,5,2,3,1
2006-07-09,Italy,France,1,1,1739.486233138806,1708.3292015738605,31.157031564945555,4,1,0,9,1,8,4,1,0,8,2,6,0
2010-06-11,South Africa,Mexico,1,1,1488.2892367262948,1481.896809722798,6.392427003496778,1,3,1,8,8,0,1,1,3,5,7,-2,0
2010-06-11,Uruguay,France,0,0,1444.8331153702447,1709.760201926994,-264.92708655674915,1,2,2,5,7,-2,4,1,0,8,2,6,0
2010-06-12,England,USA,1,1,1688.9966585499096,1386.030266333751,302.96639221615874,3,2,0,6,2,4,1,1,3,4,7,-3,0
2010-06-12,Argentina,Nigeria,1,0,1673.4051519082989,1479.2893428348348,194.1158090734641,3,2,0,11,3,8,0,1,4,3,10,-7,1
2010-06-12,South Korea,Greece,2,0,1424.9481496489204,1423.3812488240399,1.5669008248805767,1,1,3,5,8,-3,0,0,3,0,10,-10,1
2010-06-13,Germany,Australia,4,0,1698.0367878099637,1477.9214249189306,220.1153628910331,3,1,1,9,4,5,1,2,2,5,6,-1,1
2010-06-13,Serbia,Ghana,0,1,1500.0,1516.589567380096,-16.589567380096014,0,0,0,0,0,0,2,0,2,4,6,-2,-1
2010-06-13,Algeria,Slovenia,0,1,1478.4365757766282,1441.2665581866306,37.17001758999754,1,1,3,4,9,-5,0,0,3,2,7,-5,-1
2010-06-14,Italy,Paraguay,1,1,1738.0552327856726,1487.8043557499102,250.25087703576241,4,1,0,9,1,8,2,0,3,5,4,1,0
2010-06-14,Japan,Cameroon,1,0,1457.5841390111636,1465.2467100763108,-7.662571065147176,1,1,3,4,8,-4,1,2,2,3,7,-4,1
2010-06-14,Netherlands,Denmark,2,0,1620.151267163221,1577.6576218322052,42.49364533101584,2,1,2,4,4,0,2,1,2,7,8,-1,1
2010-06-15,Brazil,North Korea,2,1,1820.0178981825704,1479.3966790017562,340.62121918081425,4,0,1,10,2,8,1,1,2,5,9,-4,1
2010-06-15,Ivory Coast,Portugal,0,0,1495.4988092508086,1583.0569022441455,-87.55809299333691,1,0,2,5,6,-1,2,1,2,4,5,-1,0
2010-06-15,New Zealand,Slovakia,1,1,1441.2185791678492,1500.0,-58.78142083215084,0,0,3,2,12,-10,0,0,0,0,0,0,0
2010-06-16,Honduras,Chile,0,1,1482.7721535123483,1456.8364322402194,25.93572127212883,0,2,1,2,3,-1,0,3,2,7,11,-4,-1
2010-06-16,South Africa,Uruguay,0,3,1487.9948877972472,1455.1140713172538,32.88081647999343,1,3,1,8,8,0,0,3,2,4,7,-3,-1
2010-06-16,Spain,Switzerland,0,1,1621.9580034936243,1457.3524491622325,164.6055543313919,3,1,1,9,4,5,2,2,1,4,3,1,-1
2010-06-17,Greece,Nigeria,2,1,1399.4894857646693,1471.4016601962269,-71.91217443155756,0,0,4,0,12,-12,0,1,4,2,8,-6,1
2010-06-17,France,Mexico,0,2,1699.4792459799849,1482.1911586518456,217.28808732813923,3,2,0,6,2,4,1,2,2,6,6,0,-1
2010-06-17,Argentina,South Korea,4,1,1681.2928345469068,1448.839912708291,232.4529218386158,3,2,0,10,2,8,2,1,2,7,7,0,1
2010-06-18,England,Algeria,0,0,1677.7583771043528,1460.7313340634782,217.02704304087456,2,3,0,6,3,3,1,1,3,4,8,-4,0
2010-06-18,Slovenia,USA,2,2,1458.9717998997805,1397.2685477793077,61.703252120472825,1,0,3,3,7,-4,0,2,3,3,8,-5,0
2010-06-18,Germany,Serbia,0,1,1711.0463731370696,1484.7633977346545,226.2829754024151,3,1,1,10,4,6,0,0,1,0,1,-1,-1
2010-06-19,Cameroon,Denmark,1,2,1448.8938928406228,1556.5784293510185,-107.68453651039567,1,2,2,3,5,-2,2,1,2,5,7,-2,-1
2010-06-19,Ghana,Australia,1,1,1531.8261696454415,1464.9118395918247,66.91433005361682,3,0,2,5,6,-1,1,1,3,5,10,-5,0
2010-06-19,Netherlands,Japan,1,0,1641.2304596444078,1473.9369562468517,167.29350339755615,3,1,1,5,2,3,1,1,3,3,8,-5,1
2010-06-20,Brazil,Ivory Coast,3,1,1823.9661662555845,1499.4477606176786,324.51840563790597,4,0,1,11,3,8,1,1,2,5,6,-1,1
2010-06-20,Italy,New Zealand,1,1,1728.1819101601156,1443.9000276578543,284.2818825022614,3,2,0,8,2,6,0,1,3,3,13,-10,0
2010-06-20,Slovakia,Paraguay,0,2,1497.318551509995,1497.6776783754672,-0.3591268654722626,0,1,0,1,1,0,1,1,3,3,4,-1,-1
2010-06-21,Portugal,North Korea,7,0,1579.1079508772755,1475.448410928742,103.65953994853339,1,2,2,2,4,-2,1,1,3,6,11,-5,1
2010-06-21,Spain,Honduras,2,0,1598.8981206591338,1465.5799830329763,133.31813762615752,3,0,2,9,5,4,0,2,2,2,4,-2,1
2010-06-21,Chile,Switzerland,1,0,1474.0286027195914,1480.412331996723,-6.383729277131579,1,3,1,6,8,-2,3,2,0,5,0,5,1
2010-06-22,Nigeria,South Korea,2,2,1452.136477092848,1437.201902942455,14.934574150393018,0,1,4,2,6,-4,2,1,2,6,8,-2,0
2010-06-22,France,South Africa,1,2,1662.1621173886965,1457.3528900187891,204.80922736990738,2,2,1,3,3,0,1,2,2,6,9,-3,-1
2010-06-22,Mexico,Uruguay,0,1,1519.508287243134,1485.7560690957118,33.75221814742213,1,2,2,5,5,0,1,3,1,7,5,2,-1
2010-06-22,Greece,Argentina,0,2,1418.7546688680482,1692.9308443127427,-274.17617544469454,1,0,4,2,13,-11,3,2,0,8,3,5,-1
2010-06-23,Australia,Serbia,2,1,1467.9558145884012,1509.924052825188,-41.968238236786874,0,2,3,3,10,-7,1,0,1,1,1,0,1
2010-06-23,Ghana,Germany,0,1,1528.782194648865,1685.885718046536,-157.1035233976711,3,1,1,6,5,1,2,1,2,8,5,3,-1
2010-06-23,USA,Algeria,1,0,1400.0805852446267,1469.601096125281,-69.52051088065423,0,3,2,5,9,-4,0,2,3,1,6,-5,1
2010-06-23,Slovenia,England,0,1,1456.1597624344615,1668.88861504255,-212.72885260808857,1,1,3,5,9,-4,1,4,0,4,3,1,-1
2010-06-24,Paraguay,New Zealand,0,0,1521.6528707792943,1454.6857047450746,66.96716603421964,2,1,2,5,3,2,0,2,3,4,14,-10,0
2010-06-24,Cameroon,Netherlands,1,2,1437.7000277424459,1650.0712335508938,-212.37120580844794,1,1,3,3,6,-3,3,1,1,5,2,3,-1
2010-06-24,Denmark,Japan,1,3,1567.7722944491954,1465.0961823403657,102.67611210882978,2,1,2,5,7,-2,1,1,3,3,8,-5,-1
2010-06-24,Slovakia,Italy,3,2,1473.3433591061678,1717.3962330728953,-244.05287396672747,0,1,1,1,3,-2,2,3,0,8,3,5,1
2010-06-25,Portugal,Brazil,0,0,1603.5385716607443,1830.3868506445524,-226.8482789838081,1,2,2,8,4,4,4,0,1,12,4,8,0
2010-06-25,North Korea,Ivory Coast,0,3,1451.0177901452732,1493.0270762287107,-42.00928608343747,1,1,3,6,15,-9,1,1,3,6,9,-3,-1
2010-06-25,Switzerland,Honduras,0,0,1464.1183834773997,1450.3624012993298,13.755982178069871,3,1,1,5,1,4,0,2,3,2,6,-4,0
2010-06-25,Chile,Spain,1,2,1490.3225512389147,1614.1157023927803,-123.79315115386567,2,2,1,5,6,-1,3,0,2,7,5,2,-1
2010-06-26,USA,Ghana,1,2,1419.2400682707384,1519.5612275355913,-100.3211592648529,1,3,1,6,6,0,2,1,2,4,6,-2,-1
2010-06-26,Uruguay,South Korea,2,1,1503.3055448648163,1437.8892422130252,65.41630265179106,2,3,0,7,3,4,1,2,2,6,9,-3,1
2010-06-27,Argentina,Mexico,3,1,1701.1406929873083,1501.9588114740295,199.18188151327877,4,1,0,10,3,7,1,1,3,5,6,-1,1
2010-06-27,Germany,England,4,1,1695.1066851598098,1676.156902026515,18.949783133294886,3,0,2,8,4,4,2,3,0,3,1,2,1
2010-06-28,Brazil,Chile,3,0,1821.2087124260172,1479.7938396758818,341.4148727501354,3,1,1,8,3,5,2,1,2,5,7,-2,1
2010-06-28,Netherlands,Slovakia,2,1,1657.351092049698,1499.0379936849547,158.31309836474338,3,1,1,5,2,3,1,1,1,4,5,-1,1
2010-06-29,Spain,Portugal,1,0,1624.6444139558132,1612.7167098792795,11.9277040765337,3,0,2,6,5,1,1,2,2,8,4,4,1
2010-06-29,Paraguay,Japan,0,0,1518.606550731659,1495.9892850462786,22.61726568538029,2,2,1,5,2,3,2,1,2,5,6,-1,0
2010-07-02,Uruguay,Ghana,1,1,1516.328113815085,1531.0655217509031,-14.737407935818055,3,2,0,9,4,5,2,1,2,4,6,-2,0
2010-07-02,Netherlands,Brazil,2,1,1666.5264230781527,1828.0905571010142,-161.56413402286148,4,0,1,7,3,4,3,1,1,8,3,5,1
2010-07-03,Paraguay,Spain,0,1,1517.5664559484637,1640.0953385796167,-122.52888263115301,2,3,0,5,1,4,3,0,2,6,5,1,-1
2010-07-03,Argentina,Germany,0,4,1712.7141530414135,1721.581025625703,-8.866872584289467,4,1,0,11,3,8,4,0,1,12,3,9,-1
2010-07-06,Uruguay,Netherlands,2,3,1517.0063897823397,1689.4730783692567,-172.46668858691692,3,2,0,7,2,5,5,0,0,9,3,6,-1
2010-07-07,Germany,Spain,0,1,1750.4257706292346,1650.6755276133786,99.75024301585609,4,0,1,13,2,11,4,0,1,6,2,4,-1
2010-07-10,Uruguay,Germany,2,3,1508.3548774069425,1729.954291929233,-221.59941452229054,3,1,1,9,5,4,3,0,2,9,3,6,-1
2010-07-11,Netherlands,Spain,0,1,1698.124590744654,1671.1470063133802,26.977584431273726,5,0,0,10,5,5,5,0,0,7,1,6,-1
2014-06-12,Brazil,Croatia,3,1,1805.1439018099102,1554.1615324215502,250.98236938835998,3,1,1,9,4,5,1,2,2,4,5,-1,1
2014-06-13,Chile,Australia,3,1,1472.9119950008849,1485.8791777049084,-12.967182704023571,2,0,3,4,9,-5,1,2,2,5,9,-4,1
2014-06-13,Spain,Netherlands,1,5,1688.386879188084,1680.88471786995,7.502161318134085,5,0,0,6,1,5,4,0,1,9,6,3,-1
2014-06-13,Mexico,Cameroon,1,0,1490.3853514199243,1430.4201692436416,59.965182176282724,1,1,3,5,7,-2,1,0,4,3,7,-4,1
2014-06-14,Ivory Coast,Japan,2,1,1517.6579305587193,1497.0293798294738,20.62855072924549,2,1,2,8,7,1,2,1,2,5,6,-1,1
2014-06-14,England,Italy,1,2,1649.6825615606217,1691.7015984941083,-42.01903693348663,1,3,1,3,5,-2,1,3,1,7,6,1,-1
2014-06-14,Uruguay,Costa Rica,1,3,1501.3694303013945,1450.963285352382,50.406144949012514,2,1,2,8,8,0,0,1,4,6,15,-9,-1
2014-06-14,Colombia,Greece,3,0,1444.912311405257,1410.5448201934826,34.36749121177445,2,0,3,4,5,-1,1,0,4,2,11,-9,1
2014-06-15,Argentina,Bosnia and Herzegovina,2,1,1683.8694080378818,1500.0,183.86940803788184,4,0,1,10,6,4,0,0,0,0,0,0,1
2014-06-15,France,Honduras,3,0,1637.6896770990093,1450.9955568795478,186.6941202194614,1,2,2,3,5,-2,0,2,3,1,5,-4,1
2014-06-15,Switzerland,Ecuador,2,1,1463.4852278971816,1519.0279327550882,-55.54270485790653,2,2,1,3,1,2,3,0,2,6,4,2,1
2014-06-16,Germany,Portugal,4,0,1736.939739034781,1597.265785255476,139.67395377930507,4,0,1,12,4,8,1,2,2,8,4,4,1
2014-06-16,Iran,Nigeria,0,0,1407.6741131445915,1451.4491378222779,-43.77502467768636,1,1,3,4,9,-5,0,2,3,4,7,-3,0
2014-06-16,Ghana,USA,1,2,1530.3872457836485,1407.7357740554266,122.65147172822185,2,2,1,5,4,1,1,2,2,6,7,-1,-1
2014-06-17,Russia,South Korea,1,1,1488.3191909389652,1424.8666732627564,63.4525176762088,2,0,3,11,8,3,1,1,3,6,10,-4,0
2014-06-17,Brazil,Mexico,0,0,1814.3026700698788,1503.650950264976,310.65171980490277,3,1,1,10,4,6,2,1,2,5,5,0,0
2014-06-17,Belgium,Algeria,2,1,1478.161370181595,1450.4416130991692,27.719757082425758,1,3,1,7,8,-1,0,1,4,0,6,-6,1
2014-06-18,Cameroon,Croatia,0,4,1417.1545703985898,1545.0027641615816,-127.84819376299174,0,0,5,2,8,-6,0,2,3,3,7,-4,-1
2014-06-18,Spain,Chile,0,2,1658.1478270073758,1497.8073205658457,160.34050644153012,4,0,1,5,5,0,3,0,2,6,6,0,-1
2014-06-18,Australia,Netherlands,2,3,1460.9838521399477,1711.1237700506583,-250.13991791071066,1,1,3,4,10,-6,4,0,1,12,6,6,-1
2014-06-19,Japan,Greece,0,0,1481.9782449665838,1385.3055144357554,96.6727305308284,2,1,2,5,4,1,1,0,4,2,10,-8,0
2014-06-19,Uruguay,England,2,1,1473.911722885252,1635.6082301980327,-161.6965073127808,1,1,3,8,11,-3,1,2,2,4,7,-3,1
2014-06-19,Colombia,Ivory Coast,2,1,1470.1516171629842,1532.7090654216092,-62.55744825862507,3,0,2,6,3,3,3,1,1,9,6,3,1
2014-06-20,Honduras,Ecuador,1,2,1436.7429560053179,1500.4916661826305,-63.74871017731266,0,1,4,0,7,-7,2,0,3,6,6,0,-1
2014-06-20,Switzerland,France,2,5,1482.0214944696395,1651.9422779732392,-169.92078350359975,2,2,1,3,2,1,1,2,2,5,5,0,-1
2014-06-20,Italy,Costa Rica,0,1,1705.7759298566973,1478.4209927685245,227.35493708817285,1,3,1,7,7,0,1,0,4,8,15,-7,-1
2014-06-21,Argentina,Iran,1,0,1692.112869918405,1409.679427520615,282.43344239779003,4,0,1,11,7,4,0,2,3,2,8,-6,1
2014-06-21,Germany,Ghana,2,2,1755.2422815733428,1508.9624377557961,246.27984381754663,4,0,1,15,4,11,1,2,2,5,6,-1,0
2014-06-21,Nigeria,Bosnia and Herzegovina,1,0,1449.4438234462543,1491.7565381194768,-42.312714673222445,0,3,2,3,5,-2,0,0,1,1,2,-1,1
2014-06-22,USA,Portugal,2,2,1429.160582083279,1578.9632427169142,-149.80266063363524,2,2,1,7,6,1,1,2,2,7,5,2,0
2014-06-22,South Korea,Algeria,2,4,1427.7567094003557,1435.7154533716925,-7.958743971336844,1,2,2,7,9,-2,0,1,4,1,7,-6,-1
2014-06-22,Belgium,Russia,1,0,1492.8875299090716,1485.429154801366,7.458375107705706,2,2,1,8,8,0,2,1,2,11,6,5,1
2014-06-23,Cameroon,Brazil,1,4,1397.9803022345316,1802.8878474452913,-404.90754521075974,0,0,5,2,10,-8,2,2,1,7,3,4,-1
2014-06-23,Croatia,Mexico,1,3,1564.1770323256399,1515.0657728895635,49.11125943607635,1,2,2,7,6,1,2,1,2,4,4,0,-1
2014-06-23,Netherlands,Chile,2,0,1717.2536121177648,1532.158606550926,185.09500556683884,4,0,1,13,7,6,3,0,2,7,6,1,1
2014-06-23,Australia,Spain,0,3,1454.8540100728412,1623.7965410222955,-168.9425309494543,1,1,3,6,12,-6,3,0,2,4,7,-3,-1
2014-06-24,Greece,Ivory Coast,2,1,1389.6460166330583,1513.8589223944364,-124.21290576137812,1,1,3,2,8,-6,2,1,2,7,6,1,1
2014-06-24,Japan,Colombia,1,4,1477.637742769281,1489.001760190157,-11.364017420876053,1,2,2,4,4,0,3,0,2,6,4,2,-1
2014-06-24,Italy,Uruguay,0,1,1680.5821499439546,1496.8633242738758,183.7188256700788,1,2,2,6,7,-1,1,1,3,8,11,-3,-1
2014-06-24,Costa Rica,England,0,0,1503.6147726812671,1612.6566288094089,-109.04185612814172,2,0,3,7,10,-3,1,1,3,4,8,-4,0
2014-06-25,Nigeria,Argentina,2,3,1467.382819181962,1697.3738016281766,-229.9909824462145,1,2,2,4,5,-1,4,0,1,8,6,2,-1
2014-06-25,Bosnia and Herzegovina,Iran,3,1,1473.817542383769,1404.4184958108435,69.3990465729255,0,0,2,1,3,-2,0,2,3,2,7,-5,1
2014-06-25,Ecuador,France,0,0,1513.5884369379987,1667.2448646506102,-153.6564277126115,2,0,3,6,7,-1,2,1,2,9,6,3,0
2014-06-25,Honduras,Switzerland,0,3,1423.6461852499497,1466.7189077922685,-43.07272254231884,0,1,4,1,8,-7,2,1,2,5,7,-2,-1
2014-06-26,Algeria,Russia,1,1,1459.1657789560738,1469.7725729174579,-10.606793961384028,1,1,3,5,6,-1,1,1,3,5,6,-1,0
2014-06-26,South Korea,Belgium,0,1,1404.3063838159744,1508.5441117929797,-104.2377279770053,0,2,3,7,13,-6,3,1,1,7,6,1,-1
2014-06-26,Portugal,Ghana,2,1,1572.4625084849538,1518.7217245502825,53.7407839346713,1,2,2,9,7,2,1,2,2,6,7,-1,1
2014-06-26,USA,Germany,0,1,1435.6613163152394,1745.4829947788564,-309.821678463617,2,2,1,8,7,1,3,1,1,13,5,8,-1
2014-06-28,Colombia,Uruguay,2,0,1516.0862550466297,1520.6145564347016,-4.528301388071895,4,0,1,10,4,6,2,0,3,8,10,-2,1
2014-06-28,Brazil,Chile,1,1,1807.8495144939293,1519.8580674909006,287.9914470030287,3,1,1,11,4,7,2,0,3,6,8,-2,0
2014-06-29,Costa Rica,Greece,1,1,1508.4777075091692,1411.1343680518994,97.34333945726985,2,1,2,5,6,-1,2,1,2,4,7,-3,0
2014-06-29,Netherlands,Mexico,2,1,1729.5541511777901,1542.4358427490579,187.11830842873223,4,0,1,13,6,7,2,1,2,5,5,0,1
2014-06-30,Germany,Algeria,2,1,1750.0869734181254,1459.654088175988,290.43288524213744,3,1,1,10,5,5,1,2,2,6,6,0,1
2014-06-30,France,Nigeria,2,0,1660.596625207253,1460.6575572043653,199.93906800288778,2,1,2,9,6,3,1,2,2,6,7,-1,1
2014-07-01,Belgium,USA,2,1,1519.8828127852466,1431.0573376759705,88.82547510927611,4,0,1,7,5,2,2,1,2,6,6,0,1
2014-07-01,Argentina,Switzerland,1,0,1704.0990636057734,1491.2653314773354,212.833732128438,4,0,1,9,8,1,2,1,2,7,7,0,1
2014-07-04,Brazil,Colombia,2,1,1796.9713040719057,1540.399041313793,256.57226275811263,2,2,1,9,5,4,4,0,1,11,4,7,1
2014-07-04,France,Germany,0,1,1672.1318461333108,1755.1485907132328,-83.01674457992203,3,1,1,11,4,7,4,1,0,12,5,7,-1
2014-07-05,Netherlands,Costa Rica,0,0,1737.6836778412342,1504.1086104053525,233.5750674358817,4,0,1,12,5,7,2,2,1,6,4,2,0
2014-07-05,Argentina,Belgium,1,0,1711.363959719861,1531.87910116447,179.48485855539093,4,0,1,7,7,0,4,0,1,6,4,2,1
2014-07-08,Brazil,Germany,1,7,1802.919743985607,1767.3966610019322,35.52308298367484,3,2,0,10,4,6,4,1,0,10,3,7,-1
2014-07-09,Netherlands,Argentina,0,0,1728.3000028416207,1719.7628267460925,8.537176095528139,4,1,0,12,4,8,5,0,0,8,3,5,0
2014-07-12,Brazil,Netherlands,0,3,1766.7777894381425,1727.9069304601187,38.87085897802376,2,2,1,8,10,-2,3,2,0,7,3,4,-1
2014-07-13,Germany,Argentina,1,0,1803.5386155493968,1720.1558991275945,83.38271642180234,4,1,0,13,4,9,4,1,0,6,2,4,1
2018-06-14,Russia,Saudi Arabia,5,0,1469.2842636975438,1376.7690942621134,92.51516943543038,0,2,3,4,7,-3,0,1,4,2,11,-9,1
2018-06-15,Portugal,Spain,3,3,1586.0072041516596,1639.1618329696857,-53.15462881802614,1,2,2,4,8,-4,3,0,2,6,7,-1,0
2018-06-15,Morocco,Iran,0,1,1473.229624876525,1385.1496565097134,88.0799683668115,1,1,3,7,9,-2,0,2,3,2,7,-5,-1
2018-06-15,Egypt,Uruguay,0,1,1473.1193238856877,1496.301770167538,-23.18244628185039,0,2,2,3,6,-3,2,0,3,6,9,-3,-1
2018-06-16,Croatia,Nigeria,2,0,1536.8069624661455,1449.1223362783076,87.68462618783792,1,2,2,8,8,0,1,2,2,5,7,-2,1
2018-06-16,Peru,Denmark,0,1,1461.5495703418742,1536.8791917432825,-75.3296214014083,0,2,3,2,13,-11,2,0,3,5,9,-4,-1
2018-06-16,Argentina,Iceland,1,1,1707.9237517756997,1500.0,207.92375177569966,3,1,1,5,3,2,0,0,0,0,0,0,0
2018-06-16,France,Australia,2,1,1659.8837758446114,1439.488718125451,220.39505771916038,3,1,1,10,3,7,1,1,3,6,11,-5,1
2018-06-17,Costa Rica,Serbia,0,1,1513.492285404966,1492.0006897086807,21.49159569628523,2,3,0,5,2,3,1,0,2,2,3,-1,-1
2018-06-17,Brazil,Switzerland,1,1,1735.6581735346533,1484.0004353632478,251.65773817140553,2,1,2,8,13,-5,2,1,2,7,7,0,0
2018-06-17,Germany,Mexico,0,1,1815.7707629012916,1534.3063160856138,281.4644468156778,5,0,0,12,2,10,2,1,2,6,6,0,-1
2018-06-18,Sweden,South Korea,1,0,1559.8097366265276,1392.9676828237075,166.84205380282015,1,2,2,4,6,-2,0,2,3,6,10,-4,1
2018-06-18,Tunisia,England,1,2,1411.6987982650041,1607.7936939815067,-196.0948957165026,0,2,3,4,9,-5,1,1,3,4,8,-4,-1
2018-06-18,Belgium,Panama,3,0,1523.4802341382385,1500.0,23.48023413823853,4,0,1,6,3,3,0,0,0,0,0,0,1
2018-06-19,Colombia,Japan,1,2,1534.4506014000917,1450.5532479128083,83.89735348728345,4,0,1,12,4,8,1,2,2,5,7,-2,-1
2018-06-19,Russia,Egypt,3,1,1492.367270306574,1458.1853334476011,34.181936858972904,1,2,2,9,6,3,0,2,3,3,7,-4,1
2018-06-19,Poland,Senegal,1,2,1505.905867302115,1524.6947877069435,-18.78892040482856,2,0,3,5,9,-4,2,2,1,7,6,1,-1
2018-06-20,Iran,Spain,0,1,1405.1211687615914,1636.7328932117719,-231.61172445018042,1,2,2,3,5,-2,2,1,2,8,10,-2,-1
2018-06-20,Uruguay,Saudi Arabia,1,0,1511.2357606056246,1353.6860876530832,157.5496729525414,3,0,2,5,6,-1,0,1,4,2,15,-13,1
2018-06-20,Portugal,Morocco,1,0,1588.4361439095735,1453.2581126246469,135.17803128492665,1,2,2,7,11,-4,1,1,3,6,8,-2,1
2018-06-21,Argentina,Croatia,0,3,1699.3485901378524,1554.8753279835826,144.47326215426983,2,2,1,3,2,1,2,1,2,10,8,2,-1
2018-06-21,France,Peru,1,0,1666.9071540217064,1448.9652714595995,217.9418825621069,3,1,1,9,4,5,0,2,3,2,13,-11,1
2018-06-21,Denmark,Australia,1,1,1549.4634906255571,1432.465339948356,116.99815067720124,2,0,3,4,9,-5,1,0,4,6,12,-6,0
2018-06-22,Serbia,Switzerland,1,2,1508.989153839382,1493.9137753056252,15.075378533756748,2,0,2,3,3,0,2,1,2,8,8,0,-1
2018-06-22,Nigeria,Iceland,2,0,1431.0539707608705,1508.5751616378473,-77.52119087697679,1,1,3,3,7,-4,0,1,0,1,1,0,1
2018-06-22,Brazil,Costa Rica,2,0,1725.7448335922759,1496.5038212742647,229.24101231801114,1,2,2,5,13,-8,1,3,1,2,2,0,1
2018-06-23,Belgium,Tunisia,5,2,1549.5908264395193,1403.878630853863,145.71219558565645,4,0,1,7,2,5,0,1,4,4,10,-6,1
2018-06-23,South Korea,Mexico,1,2,1384.1102716633213,1561.02081754916,-176.9105458858387,0,1,4,4,9,-5,3,1,1,6,3,3,-1
2018-06-23,Germany,Sweden,2,1,1789.0562614377454,1568.6671477869138,220.38911365083163,4,0,1,11,3,8,2,2,1,4,4,0,1
2018-06-24,Japan,Senegal,2,2,1470.3434783511611,1539.8303684533025,-69.48689010214139,1,2,2,4,7,-3,2,2,1,8,7,1,0
2018-06-24,England,Panama,6,1,1615.613861392648,1473.8894076987192,141.7244536939288,1,1,3,5,9,-4,0,0,1,0,3,-3,1
2018-06-24,Poland,Colombia,0,3,1490.770286555756,1514.6603709617389,-23.89008440598286,2,0,3,6,7,-1,3,0,2,10,6,4,-1
2018-06-25,Iran,Portugal,1,1,1398.4453309725286,1598.5071622381306,-200.061831265602,1,1,3,2,5,-3,2,2,1,8,10,-2,0
2018-06-25,Spain,Morocco,2,2,1643.4087310008347,1443.1870942960898,200.22163670474492,2,1,2,8,10,-2,1,1,3,5,7,-2,0
2018-06-25,Uruguay,Russia,3,0,1520.4398792097788,1514.0136546608203,6.426224548958544,4,0,1,5,3,2,2,2,1,10,4,6,1
2018-06-25,Saudi Arabia,Egypt,2,1,1344.481969048929,1436.5389490933549,-92.05698004442593,0,1,4,2,13,-11,0,2,3,2,6,-4,1
2018-06-26,Nigeria,Argentina,1,2,1460.3218150645598,1660.333124338148,-200.01130927358827,2,0,3,5,7,-2,1,2,2,2,5,-3,-1
2018-06-26,Iceland,Croatia,1,2,1479.307317334158,1593.8907937832869,-114.58347644912897,0,1,1,1,3,-2,3,0,2,11,6,5,-1
2018-06-26,Denmark,France,0,0,1544.2703573003446,1674.00825180798,-129.73789450763547,2,1,2,5,7,-2,3,1,1,5,2,3,0
2018-06-26,Australia,Peru,0,2,1437.6584732735685,1441.864173673326,-4.205700399757461,0,1,4,5,12,-7,0,2,3,2,8,-6,-1
2018-06-27,South Korea,Germany,2,0,1375.6192867394589,1796.0798271891829,-420.460540449724,0,1,4,4,9,-5,4,0,1,11,3,8,1
2018-06-27,Switzerland,Costa Rica,2,2,1510.6075867782256,1486.3814869791454,24.226099799080203,2,1,2,8,8,0,0,3,2,1,4,-3,0
2018-06-27,Serbia,Brazil,0,2,1492.2953423667816,1735.8671678873952,-243.57182552061363,2,0,3,4,5,-1,2,1,2,6,12,-6,-1
2018-06-27,Mexico,Sweden,0,3,1569.5118024730225,1561.6435820354764,7.868220437546142,3,1,1,7,4,3,2,1,2,5,6,-1,-1
2018-06-28,Panama,Tunisia,1,2,1454.754496068903,1386.9783710029035,67.77612506599962,0,0,2,1,9,-8,0,1,4,6,13,-7,-1
2018-06-28,England,Belgium,0,1,1634.748773022464,1566.4910862904787,68.25768673198536,2,1,2,10,6,4,4,0,1,11,4,7,-1
2018-06-28,Senegal,Colombia,0,1,1536.6723733763006,1540.7380862649813,-4.065712888680764,2,2,1,9,8,1,3,0,2,11,5,6,-1
2018-06-28,Japan,Poland,0,1,1473.501473428163,1464.6925712525135,8.808902175649564,1,2,2,6,9,-3,1,0,4,3,9,-6,-1
2018-06-30,Uruguay,Portugal,2,1,1547.9220457503106,1590.193181790884,-42.27113604057331,4,0,1,6,2,4,2,3,0,9,7,2,1
2018-06-30,France,Argentina,4,3,1668.2966397889995,1668.0208424339046,0.2757973550949373,3,1,1,5,2,3,1,2,2,3,6,-3,1
2018-07-01,Croatia,Denmark,1,1,1604.7973691443547,1549.9819693193251,54.815399825029544,4,0,1,12,4,8,2,2,1,5,5,0,0
2018-07-01,Spain,Russia,1,1,1635.0893796048495,1486.5314881202885,148.55789148456097,2,2,1,9,7,2,2,1,2,9,6,3,0
2018-07-02,Belgium,Japan,3,2,1585.5946418947212,1457.0958953934105,128.49874650131073,4,0,1,11,4,7,1,2,2,5,8,-3,1
2018-07-02,Brazil,Mexico,2,0,1745.346263625859,1540.8778072062457,204.46845641961318,2,1,2,6,11,-5,3,0,2,7,7,0,1
2018-07-03,Colombia,England,1,1,1556.5508618131696,1615.6452174182216,-59.09435560505199,3,0,2,8,4,4,2,1,2,9,5,4,0
2018-07-03,Sweden,Switzerland,1,0,1590.2775773022531,1509.4937382597118,80.78383904254133,2,1,2,7,6,1,2,2,1,8,5,3,1
2018-07-06,Brazil,Belgium,1,2,1756.65455111537,1595.932886141342,160.72166497402804,3,1,1,7,4,3,4,0,1,12,5,7,-1
2018-07-06,Uruguay,France,0,2,1565.8591548127977,1684.2839388540967,-118.42478404129906,4,0,1,7,3,4,3,1,1,7,5,2,-1
2018-07-07,Russia,Croatia,2,2,1492.9842918429304,1602.2937653848965,-109.3094735419661,2,2,1,10,6,4,3,1,1,9,5,4,0
2018-07-07,Sweden,England,0,2,1602.622967632298,1612.9497646278833,-10.326796995585255,3,0,2,6,4,2,2,2,1,9,4,5,-1
2018-07-10,France,Belgium,1,0,1700.4061900621634,1618.8480244431144,81.55816561904908,4,1,0,9,4,5,5,0,0,14,5,9,1
2018-07-11,Croatia,England,2,1,1597.419647397864,1636.2366247590512,-38.81697736118713,3,2,0,10,4,6,3,1,1,11,4,7,1
2018-07-14,Belgium,England,2,0,1606.5364154931747,1618.4564376808476,-11.920022187672885,4,0,1,11,6,5,2,1,2,10,5,5,1
2018-07-15,France,Croatia,4,2,1712.7177990121031,1615.1998344760677,97.51796453603538,4,1,0,8,3,5,3,2,0,10,5,5,1
2022-11-20,Qatar,Ecuador,0,2,1500.0,1520.236676381356,-20.236676381355892,0,0,0,0,0,0,1,1,3,3,7,-4,-1
2022-11-21,USA,Wales,1,1,1419.0610492967471,1512.3774796632852,-93.31643036653804,1,1,3,6,8,-2,1,3,1,4,4,0,0
2022-11-21,Senegal,Netherlands,0,2,1520.8595978281123,1759.0265463636078,-238.16694853549552,2,1,2,6,6,0,3,2,0,7,1,6,-1
2022-11-21,England,Iran,6,2,1593.6333546381118,1406.7593114197753,186.8740432183365,1,1,3,4,6,-2,1,1,3,3,6,-3,1
2022-11-22,Argentina,Saudi Arabia,1,2,1652.0335433688074,1364.6248507644132,287.4086926043942,1,1,3,6,10,-4,1,0,4,2,12,-10,-1
2022-11-22,Mexico,Poland,0,0,1529.5695197167347,1481.098149287266,48.47137042946861,2,0,3,4,8,-4,2,0,3,4,7,-3,0
2022-11-22,France,Australia,4,1,1730.1529916867612,1413.9489785757926,316.2040131109686,4,1,0,11,5,6,0,1,4,4,11,-7,1
2022-11-22,Denmark,Tunisia,0,0,1552.4855730787833,1406.0605785516273,146.42499452715606,1,3,1,4,5,-1,1,0,4,6,12,-6,0
2022-11-23,Belgium,Canada,1,0,1631.3594985359105,1449.5285445383033,181.83095399760714,4,0,1,8,4,4,0,0,3,0,5,-5,1
2022-11-23,Spain,Costa Rica,7,0,1628.6365758822076,1487.4953354976592,141.14124038454838,2,3,0,10,6,4,0,3,2,3,6,-3,1
2022-11-23,Germany,Japan,1,2,1751.9982042415445,1446.7576511467898,305.24055309475466,3,0,2,10,5,5,1,1,3,7,11,-4,-1
2022-11-23,Morocco,Croatia,0,0,1451.506445692075,1597.7646418014097,-146.25819610933468,1,1,3,5,7,-2,2,2,1,9,9,0,0
2022-11-24,Brazil,Serbia,2,0,1733.7394128135975,1482.816246628318,250.92316618527957,3,1,1,8,3,5,2,0,3,4,6,-2,1
2022-11-24,Portugal,Ghana,3,2,1572.256072728397,1505.1770288835767,67.07904384482026,2,2,1,8,7,1,1,2,2,7,8,-1,1
2022-11-24,Uruguay,South Korea,0,0,1549.736903604731,1419.7009096870972,130.03599391763373,4,0,1,7,3,4,1,0,4,5,8,-3,0
2022-11-24,Switzerland,Cameroon,1,0,1497.148347929667,1393.0186351858936,104.12971274377333,1,2,2,5,6,-1,0,0,5,3,13,-10,1
2022-11-25,England,USA,0,0,1608.6887592744915,1423.257991277116,185.4307679973756,2,1,2,10,7,3,1,2,2,6,7,-1,0
2022-11-25,Netherlands,Ecuador,1,1,1768.7445526607896,1542.8403549861591,225.9041976746305,3,2,0,7,1,6,2,1,2,5,4,1,0
2022-11-25,Qatar,Senegal,1,3,1477.3963213951968,1511.1415915309306,-33.74527013573379,0,0,1,0,2,-2,1,1,3,4,7,-3,-1
2022-11-25,Wales,Iran,0,2,1508.1805376829163,1391.7039067833955,116.47663089952084,1,3,1,4,4,0,1,1,3,5,11,-6,-1
2022-11-26,Tunisia,Australia,0,1,1412.4309318041753,1406.1421371485314,6.288794655643869,1,1,3,5,9,-4,0,1,4,3,12,-9,-1
2022-11-26,Argentina,Mexico,2,0,1625.1697809721552,1527.3517008552512,97.81808011690396,1,1,3,7,11,-4,2,1,2,3,6,-3,1
2022-11-26,France,Denmark,2,1,1737.9598331140223,1546.1152198262353,191.84461328778707,5,0,0,15,6,9,1,4,0,3,2,1,1
2022-11-26,Poland,Saudi Arabia,2,0,1483.3159681487496,1391.4886131610654,91.8273549876842,2,1,2,4,6,-2,2,0,3,4,9,-5,1
2022-11-27,Spain,Germany,1,1,1649.783184008549,1724.707106001645,-74.92392199309597,2,3,0,14,6,8,2,0,3,4,6,-2,0
2022-11-27,Croatia,Canada,4,1,1591.4007534789268,1441.2130662498957,150.1876872290311,1,3,1,7,8,-1,0,0,4,0,6,-6,1
2022-11-27,Belgium,Morocco,0,2,1639.674976824318,1457.8703340145578,181.80464280976025,4,0,1,8,4,4,1,2,2,5,4,1,-1
2022-11-27,Japan,Costa Rica,0,1,1474.0487493866895,1466.3487273713179,7.700022015371587,2,1,2,8,8,0,0,2,3,2,12,-10,-1
2022-11-28,Portugal,Uruguay,2,0,1585.2047875890148,1544.0133166515825,41.191470937432314,2,2,1,9,8,1,3,1,1,6,3,3,1
2022-11-28,Brazil,Switzerland,1,0,1742.900707086032,1508.4916014326368,234.40910565339527,4,0,1,9,2,7,2,2,1,6,5,1,1
2022-11-28,South Korea,Ghana,2,3,1425.4244966402457,1492.2283140229588,-66.80381738271308,1,1,3,3,4,-1,0,2,3,7,10,-3,-1
2022-11-28,Cameroon,Serbia,3,3,1381.6753816829237,1473.6549523558833,-91.97957067295965,0,0,5,2,12,-10,1,0,4,3,8,-5,0
2022-11-29,Netherlands,Qatar,2,0,1759.595630260322,1455.720059597476,303.87557066284603,2,3,0,6,1,5,0,0,2,1,5,-4,1
2022-11-29,Ecuador,Senegal,1,2,1551.9892773866268,1532.8178533286514,19.1714240579754,2,2,1,6,4,2,2,1,2,7,7,0,-1
2022-11-29,Wales,England,0,3,1476.4230835605622,1600.8773361757176,-124.45425261515538,1,2,2,3,5,-2,2,1,2,9,6,3,-1
2022-11-29,Iran,USA,0,1,1423.4613609057496,1431.06941437589,-7.6080534701402485,2,1,2,6,8,-2,0,3,2,4,6,-2,-1
2022-11-30,Poland,Argentina,0,2,1501.1164465828524,1642.5857980581104,-141.469351475258,2,1,2,4,5,-1,2,0,3,8,10,-2,-1
2022-11-30,Saudi Arabia,Mexico,1,2,1373.6881347269625,1509.935683769296,-136.2475490423335,2,0,3,4,10,-6,1,1,3,2,8,-6,-1
2022-11-30,Tunisia,France,1,0,1396.1413537319534,1745.9254779879923,-349.7841242560389,1,1,3,5,9,-4,5,0,0,13,4,9,1
2022-11-30,Australia,Denmark,1,0,1422.4317152207534,1538.1495749522653,-115.71785973151191,1,1,3,4,9,-5,0,4,1,3,4,-1,1
2022-12-01,Japan,Spain,2,1,1457.6942083137371,1653.1810490108858,-195.48684069714864,1,1,3,6,8,-2,2,3,0,12,4,8,1
2022-12-01,Costa Rica,Germany,2,4,1482.7032684442702,1721.309240999308,-238.60597255503785,1,1,3,3,12,-9,1,1,3,4,7,-3,-1
2022-12-01,Croatia,Belgium,0,0,1607.9985729986302,1604.1495925721397,3.8489804264904706,2,2,1,10,8,2,3,0,2,5,4,1,0
2022-12-01,Canada,Morocco,1,2,1424.6152467301924,1493.3957182667361,-68.7804715365437,0,0,5,1,10,-9,1,2,2,4,4,0,-1
2022-12-02,Serbia,Switzerland,2,3,1469.5153966619819,1501.900438780169,-32.38504211818713,1,1,3,5,9,-4,2,1,2,5,5,0,-1
2022-12-02,Cameroon,Brazil,1,0,1385.8149373768251,1749.4918697384999,-363.67693236167474,0,1,4,4,13,-9,4,0,1,8,2,6,1
2022-12-02,Ghana,Uruguay,0,2,1505.1892444152545,1522.8454653869082,-17.656220971653738,1,1,3,9,11,-2,2,1,2,5,5,0,-1
2022-12-02,South Korea,Portugal,2,1,1412.46356624795,1606.372638853689,-193.90907260573908,1,1,3,5,6,-1,3,1,1,8,5,3,1
2022-12-03,Netherlands,USA,3,1,1766.7064473215937,1446.7191065561026,319.9873407654911,3,2,0,8,1,7,1,2,2,3,4,-1,1
2022-12-03,Argentina,Australia,2,1,1657.3199518051597,1443.572037212771,213.74791459238872,3,0,2,10,7,3,2,1,2,4,7,-3,1
2022-12-04,England,Senegal,3,0,1619.255563621971,1549.6998350597491,69.55572856222193,2,1,2,10,6,4,2,1,2,7,7,0,1
2022-12-04,France,Poland,3,1,1717.6947828254981,1486.3822928358031,231.312489989695,4,0,1,11,5,6,2,1,2,3,5,-2,1
2022-12-05,Brazil,South Korea,4,1,1721.003258738105,1436.5688083529378,284.4344503851671,3,0,2,6,3,3,2,1,2,7,6,1,1
2022-12-05,Japan,Croatia,1,1,1481.8533391914625,1607.82132815046,-125.96798895899747,2,0,3,6,7,-1,2,2,1,8,6,2,0
2022-12-06,Portugal,Switzerland,6,1,1582.2673967487012,1516.4133567762785,65.8540399724227,2,1,2,8,7,1,2,1,2,6,6,0,1
2022-12-06,Morocco,Spain,0,0,1506.269000142605,1629.0219181331604,-122.75291799055549,2,2,1,6,4,2,1,3,1,12,6,6,0
2022-12-09,Netherlands,Argentina,2,2,1773.2735910523008,1664.5553387261834,108.71825232611741,4,1,0,11,2,9,3,0,2,10,7,3,0
2022-12-09,Croatia,Brazil,1,1,1602.2617862744,1730.1216175988645,-127.8598313244645,1,3,1,7,6,1,3,0,2,8,4,4,0
2022-12-10,England,France,1,2,1641.7237408427786,1727.7221968884032,-85.99845604562461,3,1,1,12,4,8,4,0,1,13,6,7,-1
2022-12-10,Morocco,Portugal,1,0,1511.697942489276,1607.623467195326,-95.92552470604983,2,3,0,6,3,3,3,0,2,13,7,6,1
2022-12-13,Argentina,Croatia,3,0,1669.404743848963,1607.8977864334097,61.506957415553416,3,1,1,9,5,4,1,4,0,6,3,3,1
2022-12-14,France,Morocco,2,0,1739.8407686658345,1532.0065483895678,207.8342202762667,4,0,1,11,5,6,3,2,0,5,1,4,1
2022-12-17,Croatia,Morocco,2,1,1584.8035196389822,1520.864882088982,63.93863755000007,1,3,1,6,6,0,3,1,1,5,3,2,1
2022-12-18,Argentina,France,3,3,1692.4990106433906,1750.9824349664202,-58.48342432302957,4,1,0,11,3,8,4,0,1,9,4,5,0
